name,datetime,feelslike,precip,precip_type,snow,solar_radiation,conditions,temp_cat
istanbul,2021-01-01,12.6,3.867,rain,0,75.9,"Rain, Partially cloudy",moderate
istanbul,2021-01-02,10.5,0,unkwn,0,96.4,Clear,moderate
istanbul,2021-01-03,11,0,unkwn,0,69.4,Partially cloudy,moderate
istanbul,2021-01-04,12.9,0,unkwn,0,81,Partially cloudy,moderate
istanbul,2021-01-05,13.7,1.102,rain,0,92.7,"Rain, Partially cloudy",moderate
istanbul,2021-01-06,11.2,0.077,rain,0,87.4,"Rain, Partially cloudy",moderate
istanbul,2021-01-07,13.1,0,unkwn,0,85.8,Partially cloudy,moderate
istanbul,2021-01-08,14.9,0,unkwn,0,89.4,Partially cloudy,moderate
istanbul,2021-01-09,10.6,8.992,rain,0,18.2,"Rain, Partially cloudy",moderate
istanbul,2021-01-10,6.3,37.146,rain,0,10.6,"Rain, Overcast",moderate
istanbul,2021-01-11,12.7,2.994,rain,0,50.2,"Rain, Partially cloudy",moderate
istanbul,2021-01-12,12.6,6.43,rain,0,40.9,"Rain, Partially cloudy",moderate
istanbul,2021-01-13,5.3,28.631,rain,0,13.2,"Rain, Partially cloudy",moderate
istanbul,2021-01-14,2.9,1.43,rain,0,21.1,"Rain, Partially cloudy",cold
istanbul,2021-01-15,1.4,9.606,"rain,snow",0.4,39.9,"Snow, Rain, Partially cloudy",cold
istanbul,2021-01-16,-0.1,7.864,"rain,snow",0,38.6,"Snow, Rain, Partially cloudy",cold
istanbul,2021-01-17,-4.6,25.123,"rain,snow",4.3,28.9,"Snow, Rain, Partially cloudy",cold
istanbul,2021-01-18,-4,4.622,"rain,snow",0.7,79.6,"Snow, Rain, Partially cloudy",cold
istanbul,2021-01-19,-3.2,1.687,"rain,snow",0,68.3,"Snow, Rain, Partially cloudy",cold
istanbul,2021-01-20,-0.7,0,unkwn,0,94.7,Partially cloudy,cold
istanbul,2021-01-21,6,0,unkwn,0,107.4,Partially cloudy,moderate
istanbul,2021-01-22,11,0.031,rain,0,101.9,"Rain, Partially cloudy",moderate
istanbul,2021-01-23,12.4,0,unkwn,0,106.1,Partially cloudy,moderate
istanbul,2021-01-24,12.4,3.248,rain,0,84.3,"Rain, Partially cloudy",moderate
istanbul,2021-01-25,12.2,8.89,rain,0,43.4,"Rain, Partially cloudy",moderate
istanbul,2021-01-26,12.7,0.998,rain,0,54.7,"Rain, Partially cloudy",moderate
istanbul,2021-01-27,2.5,26.381,rain,0.5,12.9,"Rain, Partially cloudy",cold
istanbul,2021-01-28,0.5,9.945,"rain,snow",1,77.6,"Snow, Rain, Partially cloudy",cold
istanbul,2021-01-29,2.9,0,unkwn,0,128.1,Partially cloudy,cold
istanbul,2021-01-30,6.8,10.93,rain,0,38,"Rain, Partially cloudy",moderate
istanbul,2021-01-31,9.5,0.419,rain,0,138.5,"Rain, Partially cloudy",moderate
istanbul,2021-02-01,14.4,0,unkwn,0,110.7,Partially cloudy,moderate
istanbul,2021-02-02,13.1,5.182,rain,0,63.7,"Rain, Partially cloudy",moderate
istanbul,2021-02-03,12,0,unkwn,0,119.4,Partially cloudy,moderate
istanbul,2021-02-04,11.8,0.038,rain,0,132.1,Rain,moderate
istanbul,2021-02-05,11.4,0,unkwn,0,131.4,Partially cloudy,moderate
istanbul,2021-02-06,11.1,0,unkwn,0,130.7,Clear,moderate
istanbul,2021-02-07,11.1,0.038,rain,0,127.7,"Rain, Partially cloudy",moderate
istanbul,2021-02-08,16.8,0.077,rain,0,109.8,"Rain, Partially cloudy",pleasant
istanbul,2021-02-09,15.5,1.132,rain,0,122.9,"Rain, Partially cloudy",pleasant
istanbul,2021-02-10,13.8,4.827,rain,0,136.6,"Rain, Partially cloudy",moderate
istanbul,2021-02-11,14.5,0,unkwn,0,134.4,Partially cloudy,moderate
istanbul,2021-02-12,2.3,8.9,"rain,snow",0,21.1,"Snow, Rain, Partially cloudy",cold
istanbul,2021-02-13,-3.5,0,unkwn,0,115.4,Partially cloudy,cold
istanbul,2021-02-14,-5.6,17.86,"rain,snow",9.9,18.1,"Snow, Rain, Overcast",cold
istanbul,2021-02-15,-3.9,12.22,"rain,snow",3.4,59.1,"Snow, Rain, Partially cloudy",cold
istanbul,2021-02-16,-5.2,3.457,"rain,snow",5.2,122.9,"Snow, Rain, Partially cloudy",cold
istanbul,2021-02-17,-3,4.069,"rain,snow",2.2,100.6,"Snow, Rain, Partially cloudy",cold
istanbul,2021-02-18,0.8,1.543,rain,0,39.5,"Rain, Partially cloudy",cold
istanbul,2021-02-19,0.7,0.128,rain,0,59.7,"Rain, Partially cloudy",cold
istanbul,2021-02-20,0.5,0,unkwn,0,143.3,Partially cloudy,cold
istanbul,2021-02-21,2.3,0,unkwn,0,176,Partially cloudy,cold
istanbul,2021-02-22,3.7,0,unkwn,0,177.2,Clear,cold
istanbul,2021-02-23,6.2,0,unkwn,0,186.7,Clear,moderate
istanbul,2021-02-24,4.4,0,unkwn,0,33.1,Partially cloudy,cold
istanbul,2021-02-25,5.1,0.44,rain,0,99.6,"Rain, Partially cloudy",moderate
istanbul,2021-02-26,6.5,0,unkwn,0,159.2,Clear,moderate
istanbul,2021-02-27,7.8,0.024,rain,0,189.9,Rain,moderate
istanbul,2021-02-28,5,0.237,rain,0,106.9,"Rain, Partially cloudy",moderate
istanbul,2021-03-01,4.8,0.346,rain,0,163,"Rain, Partially cloudy",cold
istanbul,2021-03-02,2.6,7.03,rain,0,97.5,"Rain, Partially cloudy",cold
istanbul,2021-03-03,3.5,2.41,rain,0,101.5,"Rain, Partially cloudy",cold
istanbul,2021-03-04,5,0.024,rain,0,210.7,Rain,moderate
istanbul,2021-03-05,10.1,0,unkwn,0,203.1,Clear,moderate
istanbul,2021-03-06,8.3,4.213,rain,0,71.1,"Rain, Partially cloudy",moderate
istanbul,2021-03-07,1.7,10.91,rain,0,85.9,"Rain, Partially cloudy",cold
istanbul,2021-03-08,4.2,0,unkwn,0,204.2,Clear,cold
istanbul,2021-03-09,6.5,0,unkwn,0,191,Partially cloudy,moderate
istanbul,2021-03-10,6.5,0.029,rain,0,186.4,"Rain, Partially cloudy",moderate
istanbul,2021-03-11,2.7,8.198,rain,0,79.3,"Rain, Partially cloudy",cold
istanbul,2021-03-12,4.6,0,unkwn,0,192.1,Partially cloudy,cold
istanbul,2021-03-13,8.2,0,unkwn,0,201.3,Partially cloudy,moderate
istanbul,2021-03-14,10.5,0,unkwn,0,214.5,Clear,moderate
istanbul,2021-03-15,12.6,0,unkwn,0,186,Partially cloudy,moderate
istanbul,2021-03-16,9.5,5.221,rain,0,192.7,"Rain, Partially cloudy",moderate
istanbul,2021-03-17,5,3.785,rain,0,63.7,"Rain, Partially cloudy",moderate
istanbul,2021-03-18,5.5,3.781,rain,0,58.8,"Rain, Partially cloudy",moderate
istanbul,2021-03-19,5.8,3.06,rain,0,78.4,"Rain, Partially cloudy",moderate
istanbul,2021-03-20,5.3,4.662,rain,0,95.5,"Rain, Partially cloudy",moderate
istanbul,2021-03-21,2.6,15.084,rain,0,21,"Rain, Partially cloudy",cold
istanbul,2021-03-22,6.4,9.894,rain,0,127.2,"Rain, Partially cloudy",moderate
istanbul,2021-03-23,1.8,21.978,rain,0,25.5,"Rain, Partially cloudy",cold
istanbul,2021-03-24,0.6,5.289,rain,0,69.9,"Rain, Partially cloudy",cold
istanbul,2021-03-25,0.9,0.348,rain,0,70.2,"Rain, Partially cloudy",cold
istanbul,2021-03-26,4.2,0.649,rain,0,74.2,"Rain, Partially cloudy",cold
istanbul,2021-03-27,8.3,0,unkwn,0,228.8,Partially cloudy,moderate
istanbul,2021-03-28,9.6,0,unkwn,0,250.4,Clear,moderate
istanbul,2021-03-29,8.7,0.081,rain,0,199.7,"Rain, Partially cloudy",moderate
istanbul,2021-03-30,4.5,4.567,rain,0,175.5,"Rain, Partially cloudy",cold
istanbul,2021-03-31,4.3,0.332,rain,0,118.2,"Rain, Partially cloudy",cold
istanbul,2021-04-01,4.6,0.03,rain,0,108.8,"Rain, Partially cloudy",cold
istanbul,2021-04-02,9.2,0,unkwn,0,245.4,Partially cloudy,moderate
istanbul,2021-04-03,14.7,0.222,rain,0,220.8,"Rain, Partially cloudy",moderate
istanbul,2021-04-04,10.9,0.497,rain,0,118.2,"Rain, Partially cloudy",moderate
istanbul,2021-04-05,5.9,16.443,rain,0,39.8,"Rain, Partially cloudy",moderate
istanbul,2021-04-06,11.8,1.447,rain,0,216.7,"Rain, Partially cloudy",moderate
istanbul,2021-04-07,14.9,0,unkwn,0,244.9,Partially cloudy,moderate
istanbul,2021-04-08,2.6,15.613,rain,0,32.7,"Rain, Partially cloudy",cold
istanbul,2021-04-09,4.4,6.637,rain,0,208.1,"Rain, Partially cloudy",cold
istanbul,2021-04-10,5.3,0,unkwn,0,251.1,Partially cloudy,moderate
istanbul,2021-04-11,6.5,0.024,rain,0,216.7,"Rain, Partially cloudy",moderate
istanbul,2021-04-12,10.2,0.01,rain,0,244,"Rain, Partially cloudy",moderate
istanbul,2021-04-13,12.2,0,unkwn,0,277,Partially cloudy,moderate
istanbul,2021-04-14,15.2,1.181,rain,0,255.8,"Rain, Partially cloudy",pleasant
istanbul,2021-04-15,10.6,0.492,rain,0,220.8,"Rain, Partially cloudy",moderate
istanbul,2021-04-16,9.8,0.37,rain,0,193.8,"Rain, Partially cloudy",moderate
istanbul,2021-04-17,9.9,0.869,rain,0,175.7,"Rain, Partially cloudy",moderate
istanbul,2021-04-18,9.7,0,unkwn,0,190,Partially cloudy,moderate
istanbul,2021-04-19,10.6,2.065,rain,0,43.4,"Rain, Partially cloudy",moderate
istanbul,2021-04-20,12.4,0.013,rain,0,238.5,"Rain, Partially cloudy",moderate
istanbul,2021-04-21,12.9,0,unkwn,0,271.3,Partially cloudy,moderate
istanbul,2021-04-22,14.1,0.011,rain,0,262,Rain,moderate
istanbul,2021-04-23,15.8,0,unkwn,0,217.6,Partially cloudy,pleasant
istanbul,2021-04-24,13.2,0.525,rain,0,136.5,"Rain, Partially cloudy",moderate
istanbul,2021-04-25,10.4,1.024,rain,0,42.5,"Rain, Partially cloudy",moderate
istanbul,2021-04-26,10.9,0.049,rain,0,234.6,"Rain, Partially cloudy",moderate
istanbul,2021-04-27,13.4,0,unkwn,0,268.4,Partially cloudy,moderate
istanbul,2021-04-28,14.2,0,unkwn,0,262.2,Partially cloudy,moderate
istanbul,2021-04-29,14.1,0.103,rain,0,249.7,"Rain, Partially cloudy",moderate
istanbul,2021-04-30,18,0,unkwn,0,284,Partially cloudy,pleasant
istanbul,2021-05-01,21.3,0,unkwn,0,286.2,Partially cloudy,pleasant
istanbul,2021-05-02,23,0,unkwn,0,252.7,Partially cloudy,pleasant
istanbul,2021-05-03,22,0,unkwn,0,270.1,Partially cloudy,pleasant
istanbul,2021-05-04,18.1,0.002,rain,0,271.2,"Rain, Partially cloudy",pleasant
istanbul,2021-05-05,16.5,0,unkwn,0,268.6,Partially cloudy,pleasant
istanbul,2021-05-06,18,0.354,rain,0,240.8,"Rain, Partially cloudy",pleasant
istanbul,2021-05-07,20.9,0,unkwn,0,281,Partially cloudy,pleasant
istanbul,2021-05-08,17.8,2.012,rain,0,156.8,"Rain, Partially cloudy",pleasant
istanbul,2021-05-09,14.2,0.056,rain,0,295.3,"Rain, Partially cloudy",moderate
istanbul,2021-05-10,13.1,0,unkwn,0,319.9,Clear,moderate
istanbul,2021-05-11,13.5,0,unkwn,0,324.9,Clear,moderate
istanbul,2021-05-12,14.5,0,unkwn,0,328.5,Clear,moderate
istanbul,2021-05-13,16.6,0,unkwn,0,314.6,Clear,pleasant
istanbul,2021-05-14,20.3,0,unkwn,0,280.4,Clear,pleasant
istanbul,2021-05-15,19.4,0,unkwn,0,298.1,Partially cloudy,pleasant
istanbul,2021-05-16,18.6,1.315,rain,0,269.6,"Rain, Partially cloudy",pleasant
istanbul,2021-05-17,19,1.473,rain,0,272.9,"Rain, Partially cloudy",pleasant
istanbul,2021-05-18,18.5,4.115,rain,0,197.1,"Rain, Partially cloudy",pleasant
istanbul,2021-05-19,20.7,1.692,rain,0,320.3,Rain,pleasant
istanbul,2021-05-20,21.2,0,unkwn,0,310.7,Partially cloudy,pleasant
istanbul,2021-05-21,15.4,13.248,rain,0,76.9,"Rain, Partially cloudy",pleasant
istanbul,2021-05-22,16.1,3.567,rain,0,229,"Rain, Partially cloudy",pleasant
istanbul,2021-05-23,18.4,0,unkwn,0,331,Clear,pleasant
istanbul,2021-05-24,20.2,0,unkwn,0,321.6,Partially cloudy,pleasant
istanbul,2021-05-25,19.3,0.024,rain,0,323.5,Rain,pleasant
istanbul,2021-05-26,18.1,0,unkwn,0,214.5,Partially cloudy,pleasant
istanbul,2021-05-27,17.7,0.232,rain,0,294.4,"Rain, Partially cloudy",pleasant
istanbul,2021-05-28,18.4,0.002,rain,0,222.4,"Rain, Partially cloudy",pleasant
istanbul,2021-05-29,17.8,0.42,rain,0,156.7,"Rain, Partially cloudy",pleasant
istanbul,2021-05-30,19,0.051,rain,0,300.4,"Rain, Partially cloudy",pleasant
istanbul,2021-05-31,17.9,1.532,rain,0,102.4,"Rain, Partially cloudy",pleasant
istanbul,2021-06-01,16.3,25.18,rain,0,112.1,"Rain, Partially cloudy",pleasant
istanbul,2021-06-02,14.6,1.339,rain,0,93.5,"Rain, Partially cloudy",moderate
istanbul,2021-06-03,16.3,0.818,rain,0,209,"Rain, Partially cloudy",pleasant
istanbul,2021-06-04,17.7,0.043,rain,0,300.3,"Rain, Partially cloudy",pleasant
istanbul,2021-06-05,17.9,0,unkwn,0,276.4,Partially cloudy,pleasant
istanbul,2021-06-06,20.2,0,unkwn,0,303.2,Clear,pleasant
istanbul,2021-06-07,20.7,0,unkwn,0,275.5,Partially cloudy,pleasant
istanbul,2021-06-08,20.6,0.492,rain,0,227.5,"Rain, Partially cloudy",pleasant
istanbul,2021-06-09,21,0,unkwn,0,321.6,Clear,pleasant
istanbul,2021-06-10,21.5,0.024,rain,0,321.5,Rain,pleasant
istanbul,2021-06-11,21.6,0,unkwn,0,301.2,Clear,pleasant
istanbul,2021-06-12,21.7,0.099,rain,0,316.6,"Rain, Partially cloudy",pleasant
istanbul,2021-06-13,21.8,0.24,rain,0,308.1,"Rain, Partially cloudy",pleasant
istanbul,2021-06-14,18.2,14.384,rain,0,55.7,"Rain, Partially cloudy",pleasant
istanbul,2021-06-15,17,11.218,rain,0,168.9,"Rain, Partially cloudy",pleasant
istanbul,2021-06-16,17.4,9.952,rain,0,125.4,"Rain, Partially cloudy",pleasant
istanbul,2021-06-17,19.8,1.836,rain,0,186.9,"Rain, Partially cloudy",pleasant
istanbul,2021-06-18,20.5,1.64,rain,0,220.2,"Rain, Partially cloudy",pleasant
istanbul,2021-06-19,20.5,18.507,rain,0,105.7,"Rain, Partially cloudy",pleasant
istanbul,2021-06-20,21.3,0.072,rain,0,253.3,"Rain, Partially cloudy",pleasant
istanbul,2021-06-21,21.4,0,unkwn,0,232.3,Partially cloudy,pleasant
istanbul,2021-06-22,23,0,unkwn,0,275.9,Partially cloudy,pleasant
istanbul,2021-06-23,23.1,3.894,rain,0,214.9,"Rain, Partially cloudy",pleasant
istanbul,2021-06-24,23.3,0,unkwn,0,272.4,Clear,pleasant
istanbul,2021-06-25,27,0.019,rain,0,275.3,"Rain, Partially cloudy",hot
istanbul,2021-06-26,26.1,0,unkwn,0,258.2,Partially cloudy,hot
istanbul,2021-06-27,26.8,0,unkwn,0,245.4,Clear,hot
istanbul,2021-06-28,25.9,0,unkwn,0,217.8,Partially cloudy,hot
istanbul,2021-06-29,25.7,0,unkwn,0,250,Clear,hot
istanbul,2021-06-30,26.1,0.024,rain,0,254.1,Rain,hot
istanbul,2021-07-01,27,0.024,rain,0,246.3,Rain,hot
istanbul,2021-07-02,27.2,0,unkwn,0,301.5,Partially cloudy,hot
istanbul,2021-07-03,24.3,1.543,rain,0,105.9,"Rain, Partially cloudy",pleasant
istanbul,2021-07-04,23.4,0.699,rain,0,210.4,"Rain, Partially cloudy",pleasant
istanbul,2021-07-05,25.2,0.41,rain,0,157.3,"Rain, Partially cloudy",hot
istanbul,2021-07-06,22.3,12.451,rain,0,54.4,"Rain, Partially cloudy",pleasant
istanbul,2021-07-07,23.6,0,unkwn,0,219.3,Partially cloudy,pleasant
istanbul,2021-07-08,23.9,0.864,rain,0,245.9,"Rain, Partially cloudy",pleasant
istanbul,2021-07-09,25.4,0,unkwn,0,218.8,Partially cloudy,hot
istanbul,2021-07-10,25.3,0,unkwn,0,248.5,Clear,hot
istanbul,2021-07-11,26.5,0,unkwn,0,232.9,Partially cloudy,hot
istanbul,2021-07-12,27,0,unkwn,0,223.6,Partially cloudy,hot
istanbul,2021-07-13,27,0,unkwn,0,326.8,Clear,hot
istanbul,2021-07-14,26.7,0,unkwn,0,288.4,Partially cloudy,hot
istanbul,2021-07-15,28,0,unkwn,0,306.5,Clear,hot
istanbul,2021-07-16,28.4,0,unkwn,0,283.2,Clear,hot
istanbul,2021-07-17,29.3,0,unkwn,0,309.8,Partially cloudy,hot
istanbul,2021-07-18,29.7,0,unkwn,0,312.4,Partially cloudy,hot
istanbul,2021-07-19,30.1,0,unkwn,0,292.1,Partially cloudy,hot
istanbul,2021-07-20,29.4,0,unkwn,0,288.5,Partially cloudy,hot
istanbul,2021-07-21,28,0.415,rain,0,221.1,"Rain, Partially cloudy",hot
istanbul,2021-07-22,24.7,0.308,rain,0,257.8,"Rain, Partially cloudy",pleasant
istanbul,2021-07-23,24.4,0.021,rain,0,258.5,"Rain, Partially cloudy",pleasant
istanbul,2021-07-24,23.8,1.09,rain,0,223,"Rain, Partially cloudy",pleasant
istanbul,2021-07-25,25,0.024,rain,0,291,"Rain, Partially cloudy",hot
istanbul,2021-07-26,26.5,0,unkwn,0,275.5,Partially cloudy,hot
istanbul,2021-07-27,27.2,0,unkwn,0,318.2,Clear,hot
istanbul,2021-07-28,28.4,0.024,rain,0,309.3,Rain,hot
istanbul,2021-07-29,28.8,0,unkwn,0,315.5,Clear,hot
istanbul,2021-07-30,29.1,0,unkwn,0,315.7,Clear,hot
istanbul,2021-07-31,30.2,0,unkwn,0,308.2,Clear,hot
istanbul,2021-08-01,30.3,0,unkwn,0,304.1,Clear,hot
istanbul,2021-08-02,29.4,0,unkwn,0,316.9,Clear,hot
istanbul,2021-08-03,31,0,unkwn,0,306.2,Clear,hot
istanbul,2021-08-04,30.5,0,unkwn,0,283.9,Partially cloudy,hot
istanbul,2021-08-05,30.9,0,unkwn,0,308.4,Clear,hot
istanbul,2021-08-06,30.5,0,unkwn,0,228.1,Partially cloudy,hot
istanbul,2021-08-07,27.1,0.023,rain,0,204,"Rain, Partially cloudy",hot
istanbul,2021-08-08,26.1,0,unkwn,0,268.5,Partially cloudy,hot
istanbul,2021-08-09,25.7,0,unkwn,0,296.9,Clear,hot
istanbul,2021-08-10,26.5,0.021,rain,0,292.8,Rain,hot
istanbul,2021-08-11,27.6,0,unkwn,0,262.7,Partially cloudy,hot
istanbul,2021-08-12,27.2,0.006,rain,0,238.5,Rain,hot
istanbul,2021-08-13,26.2,0,unkwn,0,255.8,Partially cloudy,hot
istanbul,2021-08-14,25.4,0,unkwn,0,237.6,Partially cloudy,hot
istanbul,2021-08-15,25.1,0,unkwn,0,279.7,Partially cloudy,hot
istanbul,2021-08-16,25.1,0,unkwn,0,293.4,Clear,hot
istanbul,2021-08-17,26.5,0,unkwn,0,291.5,Clear,hot
istanbul,2021-08-18,27,0,unkwn,0,290.6,Partially cloudy,hot
istanbul,2021-08-19,25,0.707,rain,0,167.2,"Rain, Partially cloudy",hot
istanbul,2021-08-20,24.1,0.513,rain,0,251.6,"Rain, Partially cloudy",pleasant
istanbul,2021-08-21,24,0,unkwn,0,256.2,Partially cloudy,pleasant
istanbul,2021-08-22,24.7,0,unkwn,0,208.3,Partially cloudy,pleasant
istanbul,2021-08-23,25.7,0.24,rain,0,264.1,"Rain, Partially cloudy",hot
istanbul,2021-08-24,25.6,0,unkwn,0,269.9,Partially cloudy,hot
istanbul,2021-08-25,26.2,0,unkwn,0,242.6,Partially cloudy,hot
istanbul,2021-08-26,26.2,0,unkwn,0,268.1,Clear,hot
istanbul,2021-08-27,28,0,unkwn,0,249.3,Partially cloudy,hot
istanbul,2021-08-28,28.5,0,unkwn,0,254.9,Clear,hot
istanbul,2021-08-29,28.3,0,unkwn,0,201.5,Partially cloudy,hot
istanbul,2021-08-30,25.5,0,unkwn,0,136.2,Partially cloudy,hot
istanbul,2021-08-31,25.6,0,unkwn,0,236.4,Partially cloudy,hot
istanbul,2021-09-01,24.8,0,unkwn,0,248.5,Partially cloudy,pleasant
istanbul,2021-09-02,22.9,0.146,rain,0,212.6,"Rain, Partially cloudy",pleasant
istanbul,2021-09-03,20.5,4.622,rain,0,220.9,"Rain, Partially cloudy",pleasant
istanbul,2021-09-04,20.7,0,unkwn,0,238.6,Partially cloudy,pleasant
istanbul,2021-09-05,22.1,0.049,rain,0,171,"Rain, Partially cloudy",pleasant
istanbul,2021-09-06,22.1,0.652,rain,0,204.3,"Rain, Partially cloudy",pleasant
istanbul,2021-09-07,20.6,0,unkwn,0,234.6,Partially cloudy,pleasant
istanbul,2021-09-08,20.6,0,unkwn,0,237.5,Partially cloudy,pleasant
istanbul,2021-09-09,21.2,0.102,rain,0,212.7,"Rain, Partially cloudy",pleasant
istanbul,2021-09-10,20.1,3.842,rain,0,78.3,"Rain, Partially cloudy",pleasant
istanbul,2021-09-11,19.8,2.981,rain,0,170.1,"Rain, Partially cloudy",pleasant
istanbul,2021-09-12,20,0,unkwn,0,208.3,Partially cloudy,pleasant
istanbul,2021-09-13,21.1,0,unkwn,0,204.7,Partially cloudy,pleasant
istanbul,2021-09-14,21.4,0,unkwn,0,156.2,Partially cloudy,pleasant
istanbul,2021-09-15,21.9,0,unkwn,0,104.1,Partially cloudy,pleasant
istanbul,2021-09-16,22.3,0,unkwn,0,111,Partially cloudy,pleasant
istanbul,2021-09-17,22.4,0,unkwn,0,199.8,Partially cloudy,pleasant
istanbul,2021-09-18,25,0.051,rain,0,162.8,"Rain, Partially cloudy",hot
istanbul,2021-09-19,22.8,1.481,rain,0,190.4,"Rain, Partially cloudy",pleasant
istanbul,2021-09-20,25,0,unkwn,0,189.3,Partially cloudy,hot
istanbul,2021-09-21,20.9,0.008,rain,0,48.1,"Rain, Partially cloudy",pleasant
istanbul,2021-09-22,17.8,0.103,rain,0,46.5,"Rain, Partially cloudy",pleasant
istanbul,2021-09-23,14.4,16.536,rain,0,51.2,"Rain, Partially cloudy",moderate
istanbul,2021-09-24,16.5,0.168,rain,0,127.1,"Rain, Partially cloudy",pleasant
istanbul,2021-09-25,20.1,0,unkwn,0,156.4,Partially cloudy,pleasant
istanbul,2021-09-26,19.5,0,unkwn,0,194.5,Clear,pleasant
istanbul,2021-09-27,19.8,0,unkwn,0,195.4,Clear,pleasant
istanbul,2021-09-28,18.9,0,unkwn,0,90.6,Partially cloudy,pleasant
istanbul,2021-09-29,18.2,0.574,rain,0,105.2,"Rain, Partially cloudy",pleasant
istanbul,2021-09-30,17.3,3.12,rain,0,82.8,"Rain, Partially cloudy",pleasant
istanbul,2021-10-01,15.8,4.226,rain,0,39.3,"Rain, Partially cloudy",pleasant
istanbul,2021-10-02,15.5,7.426,rain,0,41.9,"Rain, Partially cloudy",pleasant
istanbul,2021-10-03,16.4,0.019,rain,0,105.6,"Rain, Partially cloudy",pleasant
istanbul,2021-10-04,17,0.438,rain,0,156.4,"Rain, Partially cloudy",pleasant
istanbul,2021-10-05,16.7,0,unkwn,0,112.9,Partially cloudy,pleasant
istanbul,2021-10-06,16,0.4,rain,0,79,"Rain, Partially cloudy",pleasant
istanbul,2021-10-07,16.3,0.413,rain,0,137.3,"Rain, Partially cloudy",pleasant
istanbul,2021-10-08,16.8,0.051,rain,0,121.9,"Rain, Partially cloudy",pleasant
istanbul,2021-10-09,17.1,4.605,rain,0,100.2,"Rain, Partially cloudy",pleasant
istanbul,2021-10-10,16.3,0.149,rain,0,77.1,"Rain, Partially cloudy",pleasant
istanbul,2021-10-11,18,0.024,rain,0,63.9,"Rain, Partially cloudy",pleasant
istanbul,2021-10-12,17.2,3.141,rain,0,101.1,"Rain, Partially cloudy",pleasant
istanbul,2021-10-13,14.5,12.579,rain,0,29.1,"Rain, Partially cloudy",moderate
istanbul,2021-10-14,16.3,0,unkwn,0,134.9,Partially cloudy,pleasant
istanbul,2021-10-15,17.7,0.116,rain,0,103.8,"Rain, Partially cloudy",pleasant
istanbul,2021-10-16,18.6,6.884,rain,0,132.7,"Rain, Partially cloudy",pleasant
istanbul,2021-10-17,14.6,14.958,rain,0,25.1,"Rain, Partially cloudy",moderate
istanbul,2021-10-18,14.5,0.116,rain,0,76.3,"Rain, Partially cloudy",moderate
istanbul,2021-10-19,14.6,0.058,rain,0,100.4,"Rain, Partially cloudy",moderate
istanbul,2021-10-20,13.5,0,unkwn,0,136.5,Partially cloudy,moderate
istanbul,2021-10-21,13.8,0,unkwn,0,161.7,Clear,moderate
istanbul,2021-10-22,16.7,0,unkwn,0,159.2,Clear,pleasant
istanbul,2021-10-23,16,0,unkwn,0,145.5,Clear,pleasant
istanbul,2021-10-24,13.2,3.47,rain,0,24.6,"Rain, Partially cloudy",moderate
istanbul,2021-10-25,12.6,0,unkwn,0,106.8,Partially cloudy,moderate
istanbul,2021-10-26,12.7,0,unkwn,0,148.9,Partially cloudy,moderate
istanbul,2021-10-27,13.5,0,unkwn,0,128,Partially cloudy,moderate
istanbul,2021-10-28,13.9,0,unkwn,0,76.1,Partially cloudy,moderate
istanbul,2021-10-29,13.5,0,unkwn,0,91.6,Partially cloudy,moderate
istanbul,2021-10-30,14.7,0,unkwn,0,131.4,Partially cloudy,moderate
istanbul,2021-10-31,14.2,0,unkwn,0,127.6,Partially cloudy,moderate
istanbul,2021-11-01,14.2,4.196,rain,0,77.5,"Rain, Partially cloudy",moderate
istanbul,2021-11-02,15.2,8.707,rain,0,123.1,"Rain, Partially cloudy",pleasant
istanbul,2021-11-03,17.2,10.427,rain,0,93.8,"Rain, Partially cloudy",pleasant
istanbul,2021-11-04,17.8,0.024,rain,0,127.3,Rain,pleasant
istanbul,2021-11-05,16.3,0,unkwn,0,114.8,Partially cloudy,pleasant
istanbul,2021-11-06,14.6,0.126,rain,0,115.4,"Rain, Partially cloudy",moderate
istanbul,2021-11-07,15.1,0.307,rain,0,102.4,"Rain, Partially cloudy",pleasant
istanbul,2021-11-08,14.4,0,unkwn,0,119.3,Partially cloudy,moderate
istanbul,2021-11-09,14.7,0.132,rain,0,79.1,"Rain, Partially cloudy",moderate
istanbul,2021-11-10,10.6,9.446,rain,0,64.5,"Rain, Partially cloudy",moderate
istanbul,2021-11-11,9.9,0,unkwn,0,101.2,Partially cloudy,moderate
istanbul,2021-11-12,10.1,0,unkwn,0,125.5,Clear,moderate
istanbul,2021-11-13,9.8,0,unkwn,0,110.4,Partially cloudy,moderate
istanbul,2021-11-14,10.5,0.024,rain,0,109.4,"Rain, Partially cloudy",moderate
istanbul,2021-11-15,12.8,0,unkwn,0,104.1,Partially cloudy,moderate
istanbul,2021-11-16,12.6,0,unkwn,0,74.1,Partially cloudy,moderate
istanbul,2021-11-17,11.1,0,unkwn,0,72.1,Partially cloudy,moderate
istanbul,2021-11-18,11.3,0,unkwn,0,27.9,Partially cloudy,moderate
istanbul,2021-11-19,9.6,0.727,rain,0,15.7,"Rain, Partially cloudy",moderate
istanbul,2021-11-20,9,0.046,rain,0,97,"Rain, Partially cloudy",moderate
istanbul,2021-11-21,9.5,0,unkwn,0,113.3,Clear,moderate
istanbul,2021-11-22,13.1,0,unkwn,0,110.4,Clear,moderate
istanbul,2021-11-23,13.9,15.05,rain,0,27.6,"Rain, Partially cloudy",moderate
istanbul,2021-11-24,11.1,11.214,rain,0,20.8,"Rain, Partially cloudy",moderate
istanbul,2021-11-25,9.6,0.062,rain,0,61.2,"Rain, Partially cloudy",moderate
istanbul,2021-11-26,11.6,0.342,rain,0,85.1,"Rain, Partially cloudy",moderate
istanbul,2021-11-27,16.2,8.072,rain,0,95.4,"Rain, Partially cloudy",pleasant
istanbul,2021-11-28,16.1,3.399,rain,0,59.9,"Rain, Partially cloudy",pleasant
istanbul,2021-11-29,18,9.112,rain,0,44.5,"Rain, Partially cloudy",pleasant
istanbul,2021-11-30,11,20.533,rain,0,29.8,"Rain, Partially cloudy",moderate
istanbul,2021-12-01,7.1,0.268,rain,0,86,"Rain, Partially cloudy",moderate
istanbul,2021-12-02,11.9,0,unkwn,0,107.9,Clear,moderate
istanbul,2021-12-03,15.4,0.863,rain,0,101.2,"Rain, Partially cloudy",pleasant
istanbul,2021-12-04,13.2,7.875,rain,0,32.1,"Rain, Partially cloudy",moderate
istanbul,2021-12-05,11.6,0.023,rain,0,59.5,"Rain, Partially cloudy",moderate
istanbul,2021-12-06,14.7,0.062,rain,0,94.6,"Rain, Partially cloudy",moderate
istanbul,2021-12-07,14.3,4.665,rain,0,69.6,"Rain, Partially cloudy",moderate
istanbul,2021-12-08,9,5.732,rain,0,14,"Rain, Partially cloudy",moderate
istanbul,2021-12-09,11.5,0.56,rain,0,90,"Rain, Partially cloudy",moderate
istanbul,2021-12-10,14.8,1.673,rain,0,87,"Rain, Partially cloudy",moderate
istanbul,2021-12-11,14.8,10.3,rain,0,74.9,"Rain, Partially cloudy",moderate
istanbul,2021-12-12,14.1,5.91,rain,0,35.3,"Rain, Partially cloudy",moderate
istanbul,2021-12-13,10.2,14.067,rain,0,28.9,"Rain, Partially cloudy",moderate
istanbul,2021-12-14,9.5,3.168,rain,0,18.3,"Rain, Partially cloudy",moderate
istanbul,2021-12-15,2.7,17.201,rain,0,11.2,"Rain, Overcast",cold
istanbul,2021-12-16,2.2,25.788,rain,0,17.4,"Rain, Partially cloudy",cold
istanbul,2021-12-17,2.5,5.987,rain,0,17.5,"Rain, Overcast",cold
istanbul,2021-12-18,2.4,18.377,rain,0,17.2,"Rain, Partially cloudy",cold
istanbul,2021-12-19,1.6,14.054,rain,0,34.1,"Rain, Partially cloudy",cold
istanbul,2021-12-20,3.2,0.102,rain,0,21.5,"Rain, Partially cloudy",cold
istanbul,2021-12-21,1.8,0.308,rain,0,82.2,"Rain, Partially cloudy",cold
istanbul,2021-12-22,0,2.531,"rain,snow",0,70.5,"Snow, Rain, Partially cloudy",cold
istanbul,2021-12-23,-0.4,0.685,"rain,snow",0,57.6,"Snow, Rain, Partially cloudy",cold
istanbul,2021-12-24,2.2,0,unkwn,0,93.1,Partially cloudy,cold
istanbul,2021-12-25,8.5,0,unkwn,0,84.7,Partially cloudy,moderate
istanbul,2021-12-26,12.6,0,unkwn,0,56.6,Partially cloudy,moderate
istanbul,2021-12-27,13.8,0,unkwn,0,82.9,Partially cloudy,moderate
istanbul,2021-12-28,14.2,0,unkwn,0,39.9,Partially cloudy,moderate
istanbul,2021-12-29,11.4,3.455,rain,0,55.6,"Rain, Partially cloudy",moderate
istanbul,2021-12-30,11,2.551,rain,0,46.5,"Rain, Partially cloudy",moderate
istanbul,2021-12-31,6.9,0.048,rain,0,20.9,"Rain, Partially cloudy",moderate
istanbul,2022-01-01,8.1,0.286,rain,0,31.8,"Rain, Partially cloudy",moderate
istanbul,2022-01-02,9.3,5.942,rain,0,22.5,"Rain, Partially cloudy",moderate
istanbul,2022-01-03,9.5,0,unkwn,0,85.4,Partially cloudy,moderate
istanbul,2022-01-04,11.5,0,unkwn,0,98.5,Partially cloudy,moderate
istanbul,2022-01-05,12.8,0,unkwn,0,101.4,Partially cloudy,moderate
istanbul,2022-01-06,14.7,0,unkwn,0,102,Partially cloudy,moderate
istanbul,2022-01-07,9.5,0.06,rain,0,17.2,"Rain, Partially cloudy",moderate
istanbul,2022-01-08,9.2,0.413,rain,0,38.7,"Rain, Partially cloudy",moderate
istanbul,2022-01-09,9.2,0,unkwn,0,55.9,Partially cloudy,moderate
istanbul,2022-01-10,9.3,0.536,rain,0,40.2,"Rain, Partially cloudy",moderate
istanbul,2022-01-11,5.1,0.662,rain,0,16.5,"Rain, Partially cloudy",moderate
istanbul,2022-01-12,-2.3,20.453,"rain,snow",1,17.4,"Snow, Rain, Partially cloudy",cold
istanbul,2022-01-13,-3.5,0.453,"rain,snow",0.1,35.3,"Snow, Rain, Partially cloudy",cold
istanbul,2022-01-14,-0.4,0,unkwn,0,122.4,Partially cloudy,cold
istanbul,2022-01-15,2.9,0,rain,0,72.2,Partially cloudy,cold
istanbul,2022-01-16,1.3,1.192,"rain,snow",0,53.9,"Snow, Rain, Partially cloudy",cold
istanbul,2022-01-17,2.8,0,rain,0,115.7,Partially cloudy,cold
istanbul,2022-01-18,2.7,0.928,rain,0,55.4,"Rain, Partially cloudy",cold
istanbul,2022-01-19,-1.5,0.806,"rain,snow",0,61.2,"Snow, Rain, Partially cloudy",cold
istanbul,2022-01-20,1.4,0,unkwn,0,131.5,Partially cloudy,cold
istanbul,2022-01-21,3.8,12.608,"rain,snow",0.1,34.6,"Snow, Rain, Partially cloudy",cold
istanbul,2022-01-22,-1.9,12.49,"rain,snow",4.3,22.4,"Snow, Rain, Partially cloudy",cold
istanbul,2022-01-23,-4.7,1.503,"rain,snow",7.2,60.7,"Snow, Rain, Partially cloudy",cold
istanbul,2022-01-24,-4.6,7.737,"rain,snow",1.5,65.3,"Snow, Rain, Partially cloudy",cold
istanbul,2022-01-25,-4.1,15.153,"rain,snow",4.1,122.5,"Snow, Rain, Partially cloudy",cold
istanbul,2022-01-26,-2.7,50.407,"rain,snow",2.4,115,"Snow, Rain, Partially cloudy",cold
istanbul,2022-01-27,1.5,39.513,"rain,snow",0.1,44.5,"Snow, Rain, Partially cloudy",cold
istanbul,2022-01-28,2,0.701,rain,0,141.6,"Rain, Partially cloudy",cold
istanbul,2022-01-29,4.2,13.753,rain,0,84.9,"Rain, Partially cloudy",cold
istanbul,2022-01-30,2.5,0,rain,0,119.8,Partially cloudy,cold
istanbul,2022-01-31,5,0,unkwn,0,96.9,Partially cloudy,moderate
istanbul,2022-02-01,5.7,0.547,rain,0,68.8,"Rain, Partially cloudy",moderate
istanbul,2022-02-02,6.6,9.285,rain,0,30.3,"Rain, Partially cloudy",moderate
istanbul,2022-02-03,0.4,26.701,rain,0,13.7,"Rain, Partially cloudy",cold
istanbul,2022-02-04,1.7,2.782,rain,0,113.1,"Rain, Partially cloudy",cold
istanbul,2022-02-05,2.9,0,unkwn,0,145.6,Clear,cold
istanbul,2022-02-06,5.9,0,unkwn,0,107.6,Partially cloudy,moderate
istanbul,2022-02-07,8.8,0.196,rain,0,116.9,"Rain, Partially cloudy",moderate
istanbul,2022-02-08,2.4,40.568,rain,0,12,"Rain, Partially cloudy",cold
istanbul,2022-02-09,1.9,22.336,rain,0,82,"Rain, Partially cloudy",cold
istanbul,2022-02-10,3.9,0,rain,0,134.2,Partially cloudy,cold
istanbul,2022-02-11,5.9,0,unkwn,0,159.9,Clear,moderate
istanbul,2022-02-12,6.3,0.044,rain,0,152.2,"Rain, Partially cloudy",moderate
istanbul,2022-02-13,2.9,0,rain,0,36.9,Partially cloudy,cold
istanbul,2022-02-14,3.5,0.599,rain,0,56,"Rain, Partially cloudy",cold
istanbul,2022-02-15,4.3,0.081,rain,0,125.8,Rain,cold
istanbul,2022-02-16,7.3,0,unkwn,0,141.6,Partially cloudy,moderate
istanbul,2022-02-17,9.1,0,unkwn,0,145.5,Partially cloudy,moderate
istanbul,2022-02-18,8.5,8.685,rain,0,28.6,"Rain, Partially cloudy",moderate
istanbul,2022-02-19,6.1,0,unkwn,0,169.1,Clear,moderate
istanbul,2022-02-20,9.7,0,unkwn,0,116.5,Partially cloudy,moderate
istanbul,2022-02-21,11.1,0,unkwn,0,149.2,Partially cloudy,moderate
istanbul,2022-02-22,13,0.093,rain,0,78.6,"Rain, Partially cloudy",moderate
istanbul,2022-02-23,7.5,8.373,rain,0,19.5,"Rain, Partially cloudy",moderate
istanbul,2022-02-24,2.2,16.057,rain,0,14.8,"Rain, Partially cloudy",cold
istanbul,2022-02-25,4.6,10.551,rain,0,28.3,"Rain, Partially cloudy",cold
istanbul,2022-02-26,6.8,0,unkwn,0,175.9,Partially cloudy,moderate
istanbul,2022-02-27,4,0,rain,0,51.6,Partially cloudy,cold
istanbul,2022-02-28,3.3,5.313,rain,0,35.4,"Rain, Partially cloudy",cold
istanbul,2022-03-01,0.8,1.804,rain,0,28.8,"Rain, Partially cloudy",cold
istanbul,2022-03-02,1,1.095,"rain,snow",0,100.2,"Snow, Rain, Partially cloudy",cold
istanbul,2022-03-03,1.6,3.571,rain,0,40.8,"Rain, Partially cloudy",cold
istanbul,2022-03-04,5.7,1.29,rain,0,147.8,"Rain, Partially cloudy",moderate
istanbul,2022-03-05,5.5,0,rain,0,112.4,Partially cloudy,moderate
istanbul,2022-03-06,3,0.012,rain,0,86.8,"Rain, Partially cloudy",cold
istanbul,2022-03-07,3,4.603,rain,0,25.5,"Rain, Overcast",cold
istanbul,2022-03-08,1.1,3.784,rain,0,33.8,"Rain, Partially cloudy",cold
istanbul,2022-03-09,0.2,0.728,rain,0,124.2,"Rain, Partially cloudy",cold
istanbul,2022-03-10,-3.1,4.432,"rain,snow",1,72,"Snow, Rain, Partially cloudy",cold
istanbul,2022-03-11,-5.3,6.536,"rain,snow",2.6,135.5,"Snow, Rain, Partially cloudy",cold
istanbul,2022-03-12,-6.2,3.729,"rain,snow",6.2,79.5,"Snow, Rain, Partially cloudy",cold
istanbul,2022-03-13,-1.3,7.642,"rain,snow",1.2,143.7,"Snow, Rain, Partially cloudy",cold
istanbul,2022-03-14,0.1,0.312,rain,0,115.1,"Rain, Partially cloudy",cold
istanbul,2022-03-15,2.6,0,snow,0,113.5,Partially cloudy,cold
istanbul,2022-03-16,4.2,0,unkwn,0,96.9,Partially cloudy,cold
istanbul,2022-03-17,2.7,4.287,rain,0,109.5,"Rain, Partially cloudy",cold
istanbul,2022-03-18,-3.6,2.64,"rain,snow",0.1,103.2,"Snow, Rain, Partially cloudy",cold
istanbul,2022-03-19,-3.9,6.314,"rain,snow",1.1,113.8,"Snow, Rain, Partially cloudy",cold
istanbul,2022-03-20,-0.7,5.679,"rain,snow",0.8,120.8,"Snow, Rain, Partially cloudy",cold
istanbul,2022-03-21,1.4,0,snow,0,143.2,Partially cloudy,cold
istanbul,2022-03-22,2.8,0.494,rain,0,84.3,"Rain, Partially cloudy",cold
istanbul,2022-03-23,2.5,0.328,rain,0,82.3,"Rain, Partially cloudy",cold
istanbul,2022-03-24,4.7,0.355,rain,0,180.6,"Rain, Partially cloudy",cold
istanbul,2022-03-25,7.2,0,rain,0,189.3,Partially cloudy,moderate
istanbul,2022-03-26,5.7,0.459,rain,0,168.3,"Rain, Partially cloudy",moderate
istanbul,2022-03-27,9.1,0,unkwn,0,206.8,Clear,moderate
istanbul,2022-03-28,9.8,0,unkwn,0,202.4,Partially cloudy,moderate
istanbul,2022-03-29,13,0.066,rain,0,122.5,"Rain, Partially cloudy",moderate
istanbul,2022-03-30,14,0,unkwn,0,202.5,Clear,moderate
istanbul,2022-03-31,14.6,0,unkwn,0,104.3,Partially cloudy,moderate
istanbul,2022-04-01,18.6,0,unkwn,0,129.3,Partially cloudy,pleasant
istanbul,2022-04-02,17.2,0,unkwn,0,213.8,Partially cloudy,pleasant
istanbul,2022-04-03,13.7,2.916,rain,0,161.8,"Rain, Partially cloudy",moderate
istanbul,2022-04-04,8,0.022,rain,0,227.9,"Rain, Partially cloudy",moderate
istanbul,2022-04-05,9,17.846,rain,0,54.8,"Rain, Partially cloudy",moderate
istanbul,2022-04-06,9,0,unkwn,0,199.3,Clear,moderate
istanbul,2022-04-07,11.9,0.808,rain,0,133.2,"Rain, Partially cloudy",moderate
istanbul,2022-04-08,14.8,1.701,rain,0,125.6,"Rain, Partially cloudy",moderate
istanbul,2022-04-09,16.9,0,unkwn,0,223.7,Clear,pleasant
istanbul,2022-04-10,17.6,0,unkwn,0,218.8,Partially cloudy,pleasant
istanbul,2022-04-11,6.6,4.794,rain,0,26.5,"Rain, Partially cloudy",moderate
istanbul,2022-04-12,8.9,4.239,rain,0,224.5,"Rain, Partially cloudy",moderate
istanbul,2022-04-13,9.6,0.044,rain,0,218.5,"Rain, Partially cloudy",moderate
istanbul,2022-04-14,11.2,0,unkwn,0,229.7,Clear,moderate
istanbul,2022-04-15,13.2,0,unkwn,0,219.5,Clear,moderate
istanbul,2022-04-16,14.4,0,unkwn,0,192.9,Partially cloudy,moderate
istanbul,2022-04-17,11.3,3.053,rain,0,55.9,"Rain, Partially cloudy",moderate
istanbul,2022-04-18,5.2,17.299,rain,0,19.9,"Rain, Partially cloudy",moderate
istanbul,2022-04-19,5.1,3.975,rain,0,35.6,"Rain, Partially cloudy",moderate
istanbul,2022-04-20,9.7,0,unkwn,0,227.8,Partially cloudy,moderate
istanbul,2022-04-21,10.8,1.33,rain,0,161.3,"Rain, Partially cloudy",moderate
istanbul,2022-04-22,14.9,0,unkwn,0,144.4,Partially cloudy,moderate
istanbul,2022-04-23,18.6,0,unkwn,0,142.3,Partially cloudy,pleasant
istanbul,2022-04-24,16.6,0,unkwn,0,216.8,Clear,pleasant
istanbul,2022-04-25,16,0,unkwn,0,233,Partially cloudy,pleasant
istanbul,2022-04-26,16.7,0,unkwn,0,194.4,Partially cloudy,pleasant
istanbul,2022-04-27,15.3,0,unkwn,0,225.3,Clear,pleasant
istanbul,2022-04-28,14.2,0,unkwn,0,205.3,Partially cloudy,moderate
istanbul,2022-04-29,14,0,unkwn,0,219.7,Partially cloudy,moderate
istanbul,2022-04-30,12.6,0,unkwn,0,44.4,Partially cloudy,moderate
istanbul,2022-05-01,13.3,0,unkwn,0,109.8,Partially cloudy,moderate
istanbul,2022-05-02,13.5,0,unkwn,0,194.8,Partially cloudy,moderate
istanbul,2022-05-03,11.6,2.153,rain,0,57.5,"Rain, Partially cloudy",moderate
istanbul,2022-05-04,11.8,0.398,rain,0,85.5,"Rain, Partially cloudy",moderate
istanbul,2022-05-05,12.4,0,unkwn,0,197.5,Partially cloudy,moderate
istanbul,2022-05-06,13.4,0,unkwn,0,211.9,Partially cloudy,moderate
istanbul,2022-05-07,13.1,0,unkwn,0,190.8,Partially cloudy,moderate
istanbul,2022-05-08,13,0,unkwn,0,212.7,Partially cloudy,moderate
istanbul,2022-05-09,13.1,0,unkwn,0,177.5,Partially cloudy,moderate
istanbul,2022-05-10,13.5,0,unkwn,0,248.5,Clear,moderate
istanbul,2022-05-11,14.6,0,unkwn,0,214.4,Partially cloudy,moderate
istanbul,2022-05-12,16.8,0,unkwn,0,249.4,Clear,pleasant
istanbul,2022-05-13,18.1,0,unkwn,0,249,Partially cloudy,pleasant
istanbul,2022-05-14,19.9,0,unkwn,0,241.6,Partially cloudy,pleasant
istanbul,2022-05-15,18.4,0.044,rain,0,205.2,"Rain, Partially cloudy",pleasant
istanbul,2022-05-16,18.5,0,unkwn,0,208,Partially cloudy,pleasant
istanbul,2022-05-17,19.6,0,unkwn,0,332.5,Clear,pleasant
istanbul,2022-05-18,16.6,9.637,rain,0,174,"Rain, Partially cloudy",pleasant
istanbul,2022-05-19,12.9,7.354,rain,0,190.3,"Rain, Partially cloudy",moderate
istanbul,2022-05-20,15,0,unkwn,0,252.5,Overcast,pleasant
istanbul,2022-05-21,16.9,0,unkwn,0,250.6,Partially cloudy,pleasant
istanbul,2022-05-22,18.4,0,unkwn,0,256.5,Partially cloudy,pleasant
istanbul,2022-05-23,18.3,0,rain,0,209.8,Partially cloudy,pleasant
istanbul,2022-05-24,18.8,0.33,rain,0,249,"Rain, Partially cloudy",pleasant
istanbul,2022-05-25,19.8,0.441,rain,0,233.9,"Rain, Partially cloudy",pleasant
istanbul,2022-05-26,21.9,0,rain,0,237.2,Clear,pleasant
istanbul,2022-05-27,21.8,0.154,rain,0,243.4,"Rain, Partially cloudy",pleasant
istanbul,2022-05-28,22.1,0,unkwn,0,243,Partially cloudy,pleasant
istanbul,2022-05-29,24.1,0,rain,0,236.7,Partially cloudy,pleasant
istanbul,2022-05-30,24.5,0,unkwn,0,245.4,Partially cloudy,pleasant
istanbul,2022-05-31,22.5,0,unkwn,0,234,Clear,pleasant
istanbul,2022-06-01,22,0,unkwn,0,244.1,Clear,pleasant
istanbul,2022-06-02,21.3,0,unkwn,0,313.2,Partially cloudy,pleasant
istanbul,2022-06-03,21.7,0,unkwn,0,156,Partially cloudy,pleasant
istanbul,2022-06-04,21.7,0,unkwn,0,185.7,Partially cloudy,pleasant
istanbul,2022-06-05,21.7,0,unkwn,0,212.1,Partially cloudy,pleasant
istanbul,2022-06-06,21.4,0,unkwn,0,186.9,Partially cloudy,pleasant
istanbul,2022-06-07,19.6,1.407,rain,0,197.8,"Rain, Partially cloudy",pleasant
istanbul,2022-06-08,19.8,0.088,rain,0,121.2,"Rain, Partially cloudy",pleasant
istanbul,2022-06-09,21,0.048,rain,0,225.8,"Rain, Partially cloudy",pleasant
istanbul,2022-06-10,23.5,0,unkwn,0,211.2,Partially cloudy,pleasant
istanbul,2022-06-11,21.7,2.26,rain,0,92.3,"Rain, Partially cloudy",pleasant
istanbul,2022-06-12,20.2,13.324,rain,0,101.5,"Rain, Partially cloudy",pleasant
istanbul,2022-06-13,21.4,0.087,rain,0,105.1,"Rain, Partially cloudy",pleasant
istanbul,2022-06-14,22.2,0,unkwn,0,238.6,Partially cloudy,pleasant
istanbul,2022-06-15,21.6,0,unkwn,0,130.3,Partially cloudy,pleasant
istanbul,2022-06-16,21.3,0,unkwn,0,258,Partially cloudy,pleasant
istanbul,2022-06-17,21.4,0,unkwn,0,334.9,Partially cloudy,pleasant
istanbul,2022-06-18,21.6,0,unkwn,0,202.1,Partially cloudy,pleasant
istanbul,2022-06-19,21.5,0,unkwn,0,168.8,Partially cloudy,pleasant
istanbul,2022-06-20,21.5,0.036,rain,0,104.1,"Rain, Partially cloudy",pleasant
istanbul,2022-06-21,22.6,1.501,rain,0,196.9,"Rain, Partially cloudy",pleasant
istanbul,2022-06-22,24.5,0,rain,0,193.9,Partially cloudy,pleasant
istanbul,2022-06-23,23.3,0.12,rain,0,281.5,"Rain, Partially cloudy",pleasant
istanbul,2022-06-24,22.8,0,unkwn,0,317.7,Partially cloudy,pleasant
istanbul,2022-06-25,23.2,0,unkwn,0,263.1,Partially cloudy,pleasant
istanbul,2022-06-26,22.4,0,unkwn,0,323.1,Partially cloudy,pleasant
istanbul,2022-06-27,22.8,0.104,rain,0,324.3,"Rain, Partially cloudy",pleasant
istanbul,2022-06-28,22.9,10.26,rain,0,337.2,"Rain, Partially cloudy",pleasant
istanbul,2022-06-29,22.7,2.499,rain,0,331.3,"Rain, Partially cloudy",pleasant
istanbul,2022-06-30,23,0,unkwn,0,336.2,Partially cloudy,pleasant
istanbul,2022-07-01,24,0,unkwn,0,336.5,Partially cloudy,pleasant
istanbul,2022-07-02,24.5,0,unkwn,0,342.9,Partially cloudy,pleasant
istanbul,2022-07-03,23.8,0,unkwn,0,355,Clear,pleasant
istanbul,2022-07-04,22.8,0,unkwn,0,352.8,Clear,pleasant
istanbul,2022-07-05,23.4,0,unkwn,0,346.4,Clear,pleasant
istanbul,2022-07-06,24.1,0,unkwn,0,317.2,Partially cloudy,pleasant
istanbul,2022-07-07,25.7,0,unkwn,0,179.3,Partially cloudy,hot
istanbul,2022-07-08,24.4,0,rain,0,108.8,Partially cloudy,pleasant
istanbul,2022-07-09,25,0.022,rain,0,176.4,"Rain, Partially cloudy",hot
istanbul,2022-07-10,20.8,73.221,rain,0,92.5,"Rain, Partially cloudy",pleasant
istanbul,2022-07-11,22.6,0,unkwn,0,313.1,Partially cloudy,pleasant
istanbul,2022-07-12,23.2,0,unkwn,0,229.6,Clear,pleasant
istanbul,2022-07-13,23.3,0.06,rain,0,233.7,"Rain, Partially cloudy",pleasant
istanbul,2022-07-14,23.6,0,unkwn,0,247.7,Clear,pleasant
istanbul,2022-07-15,24.2,0,unkwn,0,219.8,Partially cloudy,pleasant
istanbul,2022-07-16,24.7,0,unkwn,0,238.1,Clear,pleasant
istanbul,2022-07-17,25.7,0,unkwn,0,233.4,Clear,hot
istanbul,2022-07-18,24.1,0,unkwn,0,199.3,Partially cloudy,pleasant
istanbul,2022-07-19,22.9,0,unkwn,0,210.6,Partially cloudy,pleasant
istanbul,2022-07-20,23.5,0,unkwn,0,220.9,Partially cloudy,pleasant
istanbul,2022-07-21,24.2,0,unkwn,0,236.2,Clear,pleasant
istanbul,2022-07-22,24.4,0,unkwn,0,245.1,Clear,pleasant
istanbul,2022-07-23,25.3,0,unkwn,0,240.9,Clear,hot
istanbul,2022-07-24,25.7,0,unkwn,0,239.2,Clear,hot
istanbul,2022-07-25,25.8,0,unkwn,0,236,Partially cloudy,hot
istanbul,2022-07-26,26,0,unkwn,0,243.8,Clear,hot
istanbul,2022-07-27,26,0,unkwn,0,242.4,Clear,hot
istanbul,2022-07-28,25.9,0.088,rain,0,231.6,"Rain, Partially cloudy",hot
istanbul,2022-07-29,25.8,0,unkwn,0,213.5,Partially cloudy,hot
istanbul,2022-07-30,26.4,0,unkwn,0,195,Partially cloudy,hot
istanbul,2022-07-31,28.2,0,unkwn,0,139.9,Partially cloudy,hot
istanbul,2022-08-01,26.9,0,unkwn,0,163.6,Partially cloudy,hot
istanbul,2022-08-02,25.8,0,unkwn,0,312.9,Partially cloudy,hot
istanbul,2022-08-03,26.1,0,unkwn,0,309.1,Partially cloudy,hot
istanbul,2022-08-04,26.1,0,unkwn,0,182.4,Partially cloudy,hot
istanbul,2022-08-05,26.7,0,unkwn,0,307.1,Partially cloudy,hot
istanbul,2022-08-06,26.8,0,unkwn,0,179.8,Partially cloudy,hot
istanbul,2022-08-07,27.5,0,rain,0,201.8,Partially cloudy,hot
istanbul,2022-08-08,28.2,4.144,rain,0,169.3,"Rain, Partially cloudy",hot
istanbul,2022-08-09,28.6,0,unkwn,0,158.7,Partially cloudy,hot
istanbul,2022-08-10,27,0.119,rain,0,135.5,"Rain, Partially cloudy",hot
istanbul,2022-08-11,24.2,0.33,rain,0,269.9,"Rain, Partially cloudy",pleasant
istanbul,2022-08-12,24.9,0,unkwn,0,156.5,Partially cloudy,pleasant
istanbul,2022-08-13,26.2,0,unkwn,0,156.5,Partially cloudy,hot
istanbul,2022-08-14,26.6,0.011,rain,0,203.4,"Rain, Partially cloudy",hot
istanbul,2022-08-15,22.9,40.243,rain,0,105.8,"Rain, Partially cloudy",pleasant
istanbul,2022-08-16,25.7,0,unkwn,0,215.2,Clear,hot
istanbul,2022-08-17,27.5,0,unkwn,0,205.5,Clear,hot
istanbul,2022-08-18,28,0,unkwn,0,209.4,Clear,hot
istanbul,2022-08-19,27.8,0,unkwn,0,194,Partially cloudy,hot
istanbul,2022-08-20,26.7,0,unkwn,0,179.4,Partially cloudy,hot
istanbul,2022-08-21,27.3,0,unkwn,0,206,Partially cloudy,hot
istanbul,2022-08-22,28.3,0,rain,0,169.8,Partially cloudy,hot
istanbul,2022-08-23,29.4,0,unkwn,0,132.5,Partially cloudy,hot
istanbul,2022-08-24,29.1,0.024,rain,0,180.5,"Rain, Partially cloudy",hot
istanbul,2022-08-25,22.5,19.051,rain,0,184.7,"Rain, Partially cloudy",pleasant
istanbul,2022-08-26,24.4,0.448,rain,0,206.3,"Rain, Partially cloudy",pleasant
istanbul,2022-08-27,25.8,0.566,rain,0,177.6,"Rain, Partially cloudy",hot
istanbul,2022-08-28,26.6,0.03,rain,0,253.7,Rain,hot
istanbul,2022-08-29,27.4,0,unkwn,0,193.9,Partially cloudy,hot
istanbul,2022-08-30,29,0.275,rain,0,204.3,"Rain, Partially cloudy",hot
istanbul,2022-08-31,25.9,0.286,rain,0,197.4,"Rain, Partially cloudy",hot
istanbul,2022-09-01,26.6,0.676,rain,0,243.5,"Rain, Partially cloudy",hot
istanbul,2022-09-02,27.5,0,rain,0,175.1,Partially cloudy,hot
istanbul,2022-09-03,25.6,0,unkwn,0,242.6,Partially cloudy,hot
istanbul,2022-09-04,23,0.12,rain,0,147.6,"Rain, Partially cloudy",pleasant
istanbul,2022-09-05,22,1.769,rain,0,127.3,"Rain, Partially cloudy",pleasant
istanbul,2022-09-06,21.3,0.338,rain,0,139.8,"Rain, Partially cloudy",pleasant
istanbul,2022-09-07,22.2,0,unkwn,0,259.3,Partially cloudy,pleasant
istanbul,2022-09-08,21.9,0,unkwn,0,208.6,Clear,pleasant
istanbul,2022-09-09,22.3,0,unkwn,0,209.4,Clear,pleasant
istanbul,2022-09-10,23.3,0,unkwn,0,200.6,Clear,pleasant
istanbul,2022-09-11,23.9,0,unkwn,0,192.6,Partially cloudy,pleasant
istanbul,2022-09-12,21.4,1.985,rain,0,123.5,"Rain, Partially cloudy",pleasant
istanbul,2022-09-13,20.5,0.499,rain,0,116.5,"Rain, Partially cloudy",pleasant
istanbul,2022-09-14,20.9,0,unkwn,0,201.8,Clear,pleasant
istanbul,2022-09-15,23.5,0,unkwn,0,195.9,Partially cloudy,pleasant
istanbul,2022-09-16,25.9,0,unkwn,0,193.4,Clear,hot
istanbul,2022-09-17,26.4,0,unkwn,0,190.8,Clear,hot
istanbul,2022-09-18,23.3,0.154,rain,0,214.1,"Rain, Partially cloudy",pleasant
istanbul,2022-09-19,19.8,0,unkwn,0,227.3,Partially cloudy,pleasant
istanbul,2022-09-20,18.4,0.052,rain,0,92.7,"Rain, Partially cloudy",pleasant
istanbul,2022-09-21,18.2,0.123,rain,0,206.2,"Rain, Partially cloudy",pleasant
istanbul,2022-09-22,14.6,18.746,rain,0,34,"Rain, Partially cloudy",moderate
istanbul,2022-09-23,14.7,8.82,rain,0,112,"Rain, Partially cloudy",moderate
istanbul,2022-09-24,16.1,0.038,rain,0,166.8,"Rain, Partially cloudy",pleasant
istanbul,2022-09-25,17.9,0,unkwn,0,200.4,Clear,pleasant
istanbul,2022-09-26,19,0,unkwn,0,195.2,Partially cloudy,pleasant
istanbul,2022-09-27,21.9,0,rain,0,94.6,Partially cloudy,pleasant
istanbul,2022-09-28,23.8,0.294,rain,0,114.4,"Rain, Partially cloudy",pleasant
istanbul,2022-09-29,24.3,0,unkwn,0,164.3,Partially cloudy,pleasant
istanbul,2022-09-30,24.2,0,unkwn,0,206.5,Clear,pleasant
istanbul,2022-10-01,24.1,0,unkwn,0,202.3,Clear,pleasant
istanbul,2022-10-02,22.4,6.885,rain,0,114.7,"Rain, Partially cloudy",pleasant
istanbul,2022-10-03,18.9,1.115,rain,0,201.3,"Rain, Partially cloudy",pleasant
istanbul,2022-10-04,17.7,0.016,rain,0,128.6,"Rain, Partially cloudy",pleasant
istanbul,2022-10-05,16.6,1.217,rain,0,170.5,"Rain, Partially cloudy",pleasant
istanbul,2022-10-06,18.1,0.052,rain,0,108.1,"Rain, Partially cloudy",pleasant
istanbul,2022-10-07,18.6,3.847,rain,0,98.2,"Rain, Partially cloudy",pleasant
istanbul,2022-10-08,19.1,0.474,rain,0,85.7,"Rain, Partially cloudy",pleasant
istanbul,2022-10-09,17.6,0,unkwn,0,172.6,Partially cloudy,pleasant
istanbul,2022-10-10,17.6,0,unkwn,0,182.3,Partially cloudy,pleasant
istanbul,2022-10-11,17.8,0,unkwn,0,129.8,Partially cloudy,pleasant
istanbul,2022-10-12,17.6,0,unkwn,0,121.7,Partially cloudy,pleasant
istanbul,2022-10-13,18.3,0.192,rain,0,131.3,"Rain, Partially cloudy",pleasant
istanbul,2022-10-14,17.3,0.066,rain,0,96,"Rain, Partially cloudy",pleasant
istanbul,2022-10-15,16.5,10.026,rain,0,16.6,"Rain, Overcast",pleasant
istanbul,2022-10-16,17.1,3.882,rain,0,131.7,"Rain, Partially cloudy",pleasant
istanbul,2022-10-17,17.4,0,rain,0,133.5,Partially cloudy,pleasant
istanbul,2022-10-18,17.3,0.1,rain,0,118.6,"Rain, Partially cloudy",pleasant
istanbul,2022-10-19,16.5,0.191,rain,0,58.4,"Rain, Partially cloudy",pleasant
istanbul,2022-10-20,14.5,0.274,rain,0,146.7,"Rain, Partially cloudy",moderate
istanbul,2022-10-21,13.1,0,unkwn,0,167.8,Partially cloudy,moderate
istanbul,2022-10-22,12.9,0,unkwn,0,168.8,Clear,moderate
istanbul,2022-10-23,16.6,0,unkwn,0,147.3,Partially cloudy,pleasant
istanbul,2022-10-24,16,0,unkwn,0,157.9,Partially cloudy,pleasant
istanbul,2022-10-25,16.4,0,unkwn,0,156.7,Clear,pleasant
istanbul,2022-10-26,16.4,0,unkwn,0,149,Partially cloudy,pleasant
istanbul,2022-10-27,16,0,unkwn,0,147,Partially cloudy,pleasant
istanbul,2022-10-28,15.9,0,unkwn,0,149.9,Partially cloudy,pleasant
istanbul,2022-10-29,14.7,0,unkwn,0,147.8,Partially cloudy,moderate
istanbul,2022-10-30,14,0,unkwn,0,148.1,Clear,moderate
istanbul,2022-10-31,14.2,0,unkwn,0,137.3,Partially cloudy,moderate
istanbul,2022-11-01,14.6,0,unkwn,0,142.4,Clear,moderate
istanbul,2022-11-02,13.8,0,unkwn,0,141.8,Clear,moderate
istanbul,2022-11-03,15,0,unkwn,0,134.8,Partially cloudy,pleasant
istanbul,2022-11-04,15,0,unkwn,0,126.3,Partially cloudy,pleasant
istanbul,2022-11-05,17.1,0,unkwn,0,130.9,Partially cloudy,pleasant
istanbul,2022-11-06,17,0,unkwn,0,83.8,Partially cloudy,pleasant
istanbul,2022-11-07,15.5,0,rain,0,26.3,Partially cloudy,pleasant
istanbul,2022-11-08,12.9,0,unkwn,0,104.4,Partially cloudy,moderate
istanbul,2022-11-09,12.6,0,unkwn,0,86.4,Partially cloudy,moderate
istanbul,2022-11-10,11.9,0,unkwn,0,126.6,Clear,moderate
istanbul,2022-11-11,12.7,0,unkwn,0,105.9,Partially cloudy,moderate
istanbul,2022-11-12,15,0,rain,0,65.6,Partially cloudy,pleasant
istanbul,2022-11-13,14.5,0,unkwn,0,105.9,Partially cloudy,moderate
istanbul,2022-11-14,14.2,0,rain,0,55.8,Partially cloudy,moderate
istanbul,2022-11-15,13.7,0,rain,0,101,Partially cloudy,moderate
istanbul,2022-11-16,13.3,0,unkwn,0,102.4,Partially cloudy,moderate
istanbul,2022-11-17,16.7,1.324,rain,0,59,"Rain, Partially cloudy",pleasant
istanbul,2022-11-18,18.1,2.614,rain,0,49.5,"Rain, Partially cloudy",pleasant
istanbul,2022-11-19,19.8,0.03,rain,0,101.3,"Rain, Partially cloudy",pleasant
istanbul,2022-11-20,20.1,0,unkwn,0,40.9,Partially cloudy,pleasant
istanbul,2022-11-21,19.6,0.935,rain,0,82.5,"Rain, Partially cloudy",pleasant
istanbul,2022-11-22,13.2,14.07,rain,0,53.7,"Rain, Partially cloudy",moderate
istanbul,2022-11-23,15.7,1.918,rain,0,62.4,"Rain, Partially cloudy",pleasant
istanbul,2022-11-24,13.7,5.006,rain,0,27.2,"Rain, Partially cloudy",moderate
istanbul,2022-11-25,11.1,3.312,rain,0,16.7,"Rain, Partially cloudy",moderate
istanbul,2022-11-26,8.3,4.583,rain,0,27.6,"Rain, Partially cloudy",moderate
istanbul,2022-11-27,7.8,1.404,rain,0,64.5,"Rain, Partially cloudy",moderate
istanbul,2022-11-28,11.1,1.623,rain,0,78.5,"Rain, Partially cloudy",moderate
istanbul,2022-11-29,12.6,0.249,rain,0,35.1,"Rain, Partially cloudy",moderate
istanbul,2022-11-30,13.7,2.654,rain,0,24,"Rain, Partially cloudy",moderate
istanbul,2022-12-01,13.2,9.219,rain,0,44.5,"Rain, Partially cloudy",moderate
istanbul,2022-12-02,11.2,9.377,rain,0,13.7,"Rain, Partially cloudy",moderate
istanbul,2022-12-03,10,4.893,rain,0,14.1,"Rain, Partially cloudy",moderate
istanbul,2022-12-04,10.3,0.991,rain,0,13.8,"Rain, Partially cloudy",moderate
istanbul,2022-12-05,11.5,0.677,rain,0,21.6,"Rain, Partially cloudy",moderate
istanbul,2022-12-06,11.3,0.637,rain,0,22.1,"Rain, Partially cloudy",moderate
istanbul,2022-12-07,11,0,unkwn,0,56.4,Partially cloudy,moderate
istanbul,2022-12-08,12.6,0,unkwn,0,89.4,Partially cloudy,moderate
istanbul,2022-12-09,15,0.363,rain,0,69.7,"Rain, Partially cloudy",pleasant
istanbul,2022-12-10,16.2,0.105,rain,0,20.4,"Rain, Partially cloudy",pleasant
istanbul,2022-12-11,17.2,0.784,rain,0,32,"Rain, Partially cloudy",pleasant
istanbul,2022-12-12,15.1,0.956,rain,0,52.4,"Rain, Partially cloudy",pleasant
istanbul,2022-12-13,6.4,5.818,rain,0,7.4,"Rain, Partially cloudy",moderate
istanbul,2022-12-14,7.3,3.62,rain,0,28.7,"Rain, Partially cloudy",moderate
istanbul,2022-12-15,13,1.036,rain,0,27,"Rain, Partially cloudy",moderate
istanbul,2022-12-16,15.7,2.976,rain,0,75.4,"Rain, Partially cloudy",pleasant
istanbul,2022-12-17,16.5,0,unkwn,0,90.2,Partially cloudy,pleasant
istanbul,2022-12-18,12.1,0.246,rain,0,14.3,"Rain, Partially cloudy",moderate
istanbul,2022-12-19,3.3,6.205,rain,0,13.2,"Rain, Partially cloudy",cold
istanbul,2022-12-20,3.9,0.177,rain,0,38.5,"Rain, Partially cloudy",cold
istanbul,2022-12-21,6.2,0.275,rain,0,101.3,"Rain, Partially cloudy",moderate
istanbul,2022-12-22,6.9,0,unkwn,0,96.3,Clear,moderate
istanbul,2022-12-23,8.8,0,unkwn,0,82.8,Partially cloudy,moderate
istanbul,2022-12-24,9.6,0,unkwn,0,86.1,Partially cloudy,moderate
istanbul,2022-12-25,10.4,1.995,rain,0,30.8,"Rain, Partially cloudy",moderate
istanbul,2022-12-26,8.5,0.087,rain,0,83.6,"Rain, Partially cloudy",moderate
istanbul,2022-12-27,10.1,0,unkwn,0,93.1,Partially cloudy,moderate
istanbul,2022-12-28,10,0.078,rain,0,13.1,"Rain, Partially cloudy",moderate
istanbul,2022-12-29,7.9,0.051,rain,0,97,"Rain, Partially cloudy",moderate
istanbul,2022-12-30,9.9,0,unkwn,0,85.8,Partially cloudy,moderate
istanbul,2022-12-31,10.1,0,unkwn,0,91.5,Clear,moderate
istanbul,2023-01-01,8.3,0,unkwn,0,98.9,Partially cloudy,moderate
istanbul,2023-01-02,7.7,0,unkwn,0,102.4,Partially cloudy,moderate
istanbul,2023-01-03,7.8,0.044,rain,0,105.9,Rain,moderate
istanbul,2023-01-04,8.4,0.08,rain,0,18.8,"Rain, Partially cloudy",moderate
istanbul,2023-01-05,9.8,0.029,rain,0,50,"Rain, Partially cloudy",moderate
istanbul,2023-01-06,10.8,0.078,rain,0,46.7,"Rain, Partially cloudy",moderate
istanbul,2023-01-07,8.5,0,unkwn,0,76.3,Partially cloudy,moderate
istanbul,2023-01-08,6.7,0,unkwn,0,101.4,Clear,moderate
istanbul,2023-01-09,7,0.025,rain,0,106.2,"Rain, Partially cloudy",moderate
istanbul,2023-01-10,11.2,0.011,rain,0,55.7,"Rain, Partially cloudy",moderate
istanbul,2023-01-11,12,0.864,rain,0,24.5,"Rain, Partially cloudy",moderate
istanbul,2023-01-12,9.7,0.45,rain,0,44.8,"Rain, Partially cloudy",moderate
istanbul,2023-01-13,7.5,3.805,rain,0,15.5,"Rain, Overcast",moderate
istanbul,2023-01-14,7.6,0.192,rain,0,24.5,"Rain, Overcast",moderate
istanbul,2023-01-15,7.5,0.052,rain,0,41.5,"Rain, Partially cloudy",moderate
istanbul,2023-01-16,7.9,0,unkwn,0,100.3,Partially cloudy,moderate
istanbul,2023-01-17,13.3,0.152,rain,0,59,"Rain, Partially cloudy",moderate
istanbul,2023-01-18,16.2,0,unkwn,0,53.8,Partially cloudy,pleasant
istanbul,2023-01-19,16.3,0,unkwn,0,99.5,Partially cloudy,pleasant
istanbul,2023-01-20,13.4,1.08,rain,0,100,"Rain, Partially cloudy",moderate
istanbul,2023-01-21,13.3,2.559,rain,0,90.2,"Rain, Partially cloudy",moderate
istanbul,2023-01-22,11.8,0,unkwn,0,75,Partially cloudy,moderate
istanbul,2023-01-23,8.5,0,unkwn,0,32.3,Partially cloudy,moderate
istanbul,2023-01-24,5.5,0,rain,0,23.5,Partially cloudy,moderate
istanbul,2023-01-25,2.8,2.278,rain,0,18.8,"Rain, Partially cloudy",cold
istanbul,2023-01-26,6.4,0.246,rain,0,85.5,"Rain, Partially cloudy",moderate
istanbul,2023-01-27,11.4,0.271,rain,0,33.6,"Rain, Partially cloudy",moderate
istanbul,2023-01-28,5.7,3.717,rain,0,18.3,"Rain, Overcast",moderate
istanbul,2023-01-29,1.5,1.145,"rain,snow",0,24.3,"Snow, Rain, Overcast",cold
istanbul,2023-01-30,1.1,0.824,rain,0,44,"Rain, Overcast",cold
istanbul,2023-01-31,1.8,6.99,rain,0,73.5,"Rain, Partially cloudy",cold
istanbul,2023-02-01,2.6,8.008,rain,0,52.9,"Rain, Partially cloudy",cold
istanbul,2023-02-02,5.8,0.378,rain,0,61.6,"Rain, Partially cloudy",moderate
istanbul,2023-02-03,4.5,2.642,rain,0,40.1,"Rain, Partially cloudy",cold
istanbul,2023-02-04,2.4,2.967,rain,0,39.9,"Rain, Partially cloudy",cold
istanbul,2023-02-05,-1.1,15.075,"rain,snow",0,44.7,"Snow, Rain, Partially cloudy",cold
istanbul,2023-02-06,-3.3,30.11,"rain,snow",1.8,42.1,"Snow, Rain, Overcast",cold
istanbul,2023-02-07,-3.3,12.048,"rain,snow",5.1,38.5,"Snow, Rain, Overcast",cold
istanbul,2023-02-08,-2.7,4.329,"rain,snow",4.4,71.8,"Snow, Rain, Partially cloudy",cold
istanbul,2023-02-09,-0.3,5.951,"rain,snow",1.1,26.3,"Snow, Rain, Partially cloudy",cold
istanbul,2023-02-10,0.5,1.869,"rain,snow",0,37.9,"Snow, Rain, Partially cloudy",cold
istanbul,2023-02-11,1.3,0.022,rain,0,61.7,"Rain, Partially cloudy",cold
istanbul,2023-02-12,1.8,0,rain,0,125.4,Partially cloudy,cold
istanbul,2023-02-13,3,1.198,rain,0,155.6,"Rain, Partially cloudy",cold
istanbul,2023-02-14,3.5,0,unkwn,0,153.3,Partially cloudy,cold
istanbul,2023-02-15,3.7,0.128,rain,0,86.8,"Rain, Partially cloudy",cold
istanbul,2023-02-16,5,0.038,rain,0,157.8,"Rain, Partially cloudy",moderate
istanbul,2023-02-17,7,0,unkwn,0,151.1,Partially cloudy,moderate
istanbul,2023-02-18,10.4,0,unkwn,0,142.5,Partially cloudy,moderate
istanbul,2023-02-19,13.2,0,unkwn,0,162.7,Partially cloudy,moderate
istanbul,2023-02-20,9.5,1.944,rain,0,121.1,"Rain, Partially cloudy",moderate
istanbul,2023-02-21,9.8,0.262,rain,0,154.8,"Rain, Partially cloudy",moderate
istanbul,2023-02-22,11.7,0,unkwn,0,148.3,Partially cloudy,moderate
istanbul,2023-02-23,7.7,0,unkwn,0,142.2,Partially cloudy,moderate
istanbul,2023-02-24,6.8,0,unkwn,0,134.1,Partially cloudy,moderate
istanbul,2023-02-25,12.1,0,unkwn,0,171.5,Partially cloudy,moderate
istanbul,2023-02-26,15.1,0,unkwn,0,127.4,Partially cloudy,pleasant
istanbul,2023-02-27,16.9,0.038,rain,0,126.9,"Rain, Partially cloudy",pleasant
istanbul,2023-02-28,8.5,0.129,rain,0,113.8,"Rain, Partially cloudy",moderate
istanbul,2023-03-01,5.3,2.91,rain,0,47.7,"Rain, Overcast",moderate
istanbul,2023-03-02,4.6,0,rain,0,74.3,Overcast,cold
istanbul,2023-03-03,6.8,0.8,rain,0,77.1,"Rain, Overcast",moderate
istanbul,2023-03-04,9.3,0.216,rain,0,60.1,"Rain, Partially cloudy",moderate
istanbul,2023-03-05,9.1,2.837,rain,0,63.9,"Rain, Partially cloudy",moderate
istanbul,2023-03-06,9,5.679,rain,0,93,"Rain, Partially cloudy",moderate
istanbul,2023-03-07,11.5,0.138,rain,0,123,"Rain, Partially cloudy",moderate
istanbul,2023-03-08,13,1.712,rain,0,95.6,"Rain, Partially cloudy",moderate
istanbul,2023-03-09,13.9,0.196,rain,0,139.8,"Rain, Partially cloudy",moderate
istanbul,2023-03-10,15,0,unkwn,0,148,Partially cloudy,pleasant
istanbul,2023-03-11,14.6,1.492,rain,0,128.8,"Rain, Partially cloudy",moderate
istanbul,2023-03-12,8,3.659,rain,0,43.8,"Rain, Partially cloudy",moderate
istanbul,2023-03-13,4.1,0.058,rain,0,67.3,"Rain, Partially cloudy",cold
istanbul,2023-03-14,4.8,0.052,rain,0,134,"Rain, Partially cloudy",cold
istanbul,2023-03-15,10,0,unkwn,0,198.7,Partially cloudy,moderate
istanbul,2023-03-16,10.1,0.359,rain,0,89,"Rain, Partially cloudy",moderate
istanbul,2023-03-17,4.4,5.57,rain,0,14.9,"Rain, Partially cloudy",cold
istanbul,2023-03-18,4.7,9.583,rain,0,25.3,"Rain, Overcast",cold
istanbul,2023-03-19,6.2,2.536,rain,0,15.8,"Rain, Overcast",moderate
istanbul,2023-03-20,8.9,1.37,rain,0,121,"Rain, Partially cloudy",moderate
istanbul,2023-03-21,10.1,0,unkwn,0,194,Partially cloudy,moderate
istanbul,2023-03-22,7.4,1.414,rain,0,42.1,"Rain, Partially cloudy",moderate
istanbul,2023-03-23,8.2,2.194,rain,0,47.1,"Rain, Partially cloudy",moderate
istanbul,2023-03-24,8.7,0,unkwn,0,210,Partially cloudy,moderate
istanbul,2023-03-25,9.6,0,unkwn,0,205.7,Clear,moderate
istanbul,2023-03-26,11.3,3.863,rain,0,40.9,"Rain, Partially cloudy",moderate
istanbul,2023-03-27,15.5,2.403,rain,0,215.8,"Rain, Partially cloudy",pleasant
istanbul,2023-03-28,8.1,29.046,rain,0,45.5,"Rain, Partially cloudy",moderate
istanbul,2023-03-29,2.6,19.989,"rain,snow",0,85.5,"Snow, Rain, Partially cloudy",cold
istanbul,2023-03-30,4.7,1.132,rain,0,147.3,"Rain, Partially cloudy",cold
istanbul,2023-03-31,9,0,rain,0,143.6,Partially cloudy,moderate
istanbul,2023-04-01,15.4,0.105,rain,0,219,"Rain, Partially cloudy",pleasant
istanbul,2023-04-02,14.6,4.44,rain,0,107.2,"Rain, Partially cloudy",moderate
istanbul,2023-04-03,14.2,4.33,rain,0,141.2,"Rain, Partially cloudy",moderate
istanbul,2023-04-04,12.6,1.309,rain,0,73.2,"Rain, Partially cloudy",moderate
istanbul,2023-04-05,6.5,9.5,rain,0,47,"Rain, Partially cloudy",moderate
istanbul,2023-04-06,9.5,1.833,rain,0,171.8,"Rain, Partially cloudy",moderate
istanbul,2023-04-07,7.4,7.385,rain,0,46.7,"Rain, Partially cloudy",moderate
istanbul,2023-04-08,8.5,0,unkwn,0,212.7,Partially cloudy,moderate
istanbul,2023-04-09,9.1,0.023,rain,0,79,"Rain, Partially cloudy",moderate
istanbul,2023-04-10,7.2,7.804,rain,0,24.7,"Rain, Partially cloudy",moderate
istanbul,2023-04-11,8.2,10.064,rain,0,58.5,"Rain, Partially cloudy",moderate
istanbul,2023-04-12,8.9,13.946,rain,0,38.1,"Rain, Partially cloudy",moderate
istanbul,2023-04-13,13.4,5.544,rain,0,149.6,"Rain, Partially cloudy",moderate
istanbul,2023-04-14,16.8,0,unkwn,0,259.3,Partially cloudy,pleasant
istanbul,2023-04-15,18.2,0,unkwn,0,194.9,Partially cloudy,pleasant
istanbul,2023-04-16,17.2,0,unkwn,0,169.8,Partially cloudy,pleasant
istanbul,2023-04-17,14.6,0.123,rain,0,151,"Rain, Partially cloudy",moderate
istanbul,2023-04-18,11.9,1.521,rain,0,74.3,"Rain, Partially cloudy",moderate
istanbul,2023-04-19,12.1,3.661,rain,0,117.5,"Rain, Partially cloudy",moderate
istanbul,2023-04-20,12.6,0.881,rain,0,105.8,"Rain, Partially cloudy",moderate
istanbul,2023-04-21,13.6,14.851,rain,0,113,"Rain, Partially cloudy",moderate
istanbul,2023-04-22,13.6,0.063,rain,0,226,"Rain, Partially cloudy",moderate
istanbul,2023-04-23,11.7,0,unkwn,0,110.1,Partially cloudy,moderate
istanbul,2023-04-24,11.7,0,unkwn,0,233.2,Partially cloudy,moderate
istanbul,2023-04-25,15.9,0.403,rain,0,164.1,"Rain, Partially cloudy",pleasant
istanbul,2023-04-26,15,12.455,rain,0,159.8,"Rain, Partially cloudy",pleasant
istanbul,2023-04-27,10.7,25.162,rain,0,16.5,"Rain, Partially cloudy",moderate
istanbul,2023-04-28,10.8,8.127,rain,0,235.1,"Rain, Partially cloudy",moderate
istanbul,2023-04-29,11.6,0,rain,0,115.3,Partially cloudy,moderate
istanbul,2023-04-30,13.2,0,unkwn,0,216.1,Partially cloudy,moderate
istanbul,2023-05-01,14.6,0,unkwn,0,313.3,Clear,moderate
istanbul,2023-05-02,14.9,0.077,rain,0,324.1,Rain,moderate
istanbul,2023-05-03,15.4,0.025,rain,0,293.9,"Rain, Partially cloudy",pleasant
istanbul,2023-05-04,14.3,5.683,rain,0,258.8,"Rain, Partially cloudy",moderate
istanbul,2023-05-05,13,0.021,rain,0,74.1,"Rain, Partially cloudy",moderate
istanbul,2023-05-06,13.4,2.444,rain,0,87.5,"Rain, Partially cloudy",moderate
istanbul,2023-05-07,14.2,0.105,rain,0,176.1,"Rain, Partially cloudy",moderate
istanbul,2023-05-08,13.8,0,unkwn,0,106.5,Partially cloudy,moderate
istanbul,2023-05-09,13.3,0.049,rain,0,103.3,"Rain, Partially cloudy",moderate
istanbul,2023-05-10,12.8,0,unkwn,0,96.6,Partially cloudy,moderate
istanbul,2023-05-11,12.8,0,rain,0,72.9,Partially cloudy,moderate
istanbul,2023-05-12,12.4,0.009,rain,0,34.9,"Rain, Partially cloudy",moderate
istanbul,2023-05-13,13.9,0,unkwn,0,231.1,Partially cloudy,moderate
istanbul,2023-05-14,14.4,0,unkwn,0,220.2,Partially cloudy,moderate
istanbul,2023-05-15,17.3,0,unkwn,0,179,Partially cloudy,pleasant
istanbul,2023-05-16,19,0.079,rain,0,236.5,"Rain, Partially cloudy",pleasant
istanbul,2023-05-17,16.4,7.84,rain,0,89.8,"Rain, Partially cloudy",pleasant
istanbul,2023-05-18,14.6,9.658,rain,0,47.2,"Rain, Partially cloudy",moderate
istanbul,2023-05-19,15.1,11.91,rain,0,74.5,"Rain, Partially cloudy",pleasant
istanbul,2023-05-20,16.4,0.468,rain,0,177.9,"Rain, Partially cloudy",pleasant
istanbul,2023-05-21,16.6,0.038,rain,0,183,"Rain, Partially cloudy",pleasant
istanbul,2023-05-22,16.8,0.022,rain,0,193.4,"Rain, Partially cloudy",pleasant
istanbul,2023-05-23,16.6,0.152,rain,0,125.9,"Rain, Partially cloudy",pleasant
istanbul,2023-05-24,16.7,0.144,rain,0,172.2,"Rain, Partially cloudy",pleasant
istanbul,2023-05-25,17.4,0,unkwn,0,296.3,Partially cloudy,pleasant
istanbul,2023-05-26,18.3,0,unkwn,0,239.2,Partially cloudy,pleasant
istanbul,2023-05-27,18.6,0,unkwn,0,138.8,Partially cloudy,pleasant
istanbul,2023-05-28,17.8,0.052,rain,0,30,"Rain, Partially cloudy",pleasant
istanbul,2023-05-29,18.3,1.357,rain,0,66.3,"Rain, Partially cloudy",pleasant
istanbul,2023-05-30,19.6,0.015,rain,0,275.3,"Rain, Partially cloudy",pleasant
istanbul,2023-05-31,20.2,0,rain,0,217.9,Partially cloudy,pleasant
istanbul,2023-06-01,20.2,0,unkwn,0,343.8,Partially cloudy,pleasant
istanbul,2023-06-02,20.7,0,unkwn,0,335.5,Partially cloudy,pleasant
istanbul,2023-06-03,20.2,0.44,rain,0,318,"Rain, Partially cloudy",pleasant
istanbul,2023-06-04,18.8,7.894,rain,0,143.8,"Rain, Partially cloudy",pleasant
istanbul,2023-06-05,19.2,0.532,rain,0,315.8,"Rain, Partially cloudy",pleasant
istanbul,2023-06-06,19.7,0,unkwn,0,302.7,Partially cloudy,pleasant
istanbul,2023-06-07,19.6,0,unkwn,0,127.5,Partially cloudy,pleasant
istanbul,2023-06-08,20.3,0,unkwn,0,140.8,Partially cloudy,pleasant
istanbul,2023-06-09,20.3,0,rain,0,115.6,Partially cloudy,pleasant
istanbul,2023-06-10,20.5,0,unkwn,0,242.5,Partially cloudy,pleasant
istanbul,2023-06-11,21.1,0,unkwn,0,240.1,Partially cloudy,pleasant
istanbul,2023-06-12,20.4,0.134,rain,0,114,"Rain, Partially cloudy",pleasant
istanbul,2023-06-13,19.8,0.342,rain,0,146.4,"Rain, Partially cloudy",pleasant
istanbul,2023-06-14,20.5,0.365,rain,0,119.6,"Rain, Partially cloudy",pleasant
istanbul,2023-06-15,21.5,0,unkwn,0,187.5,Partially cloudy,pleasant
istanbul,2023-06-16,22.5,0.013,rain,0,240.2,"Rain, Partially cloudy",pleasant
istanbul,2023-06-17,22.1,6.305,rain,0,119,"Rain, Partially cloudy",pleasant
istanbul,2023-06-18,22.6,2.086,rain,0,149.2,"Rain, Partially cloudy",pleasant
istanbul,2023-06-19,22.7,1.309,rain,0,137.6,"Rain, Partially cloudy",pleasant
istanbul,2023-06-20,22.6,0,rain,0,228.2,Partially cloudy,pleasant
istanbul,2023-06-21,22.6,0,unkwn,0,247.5,Partially cloudy,pleasant
istanbul,2023-06-22,23.6,0,unkwn,0,233.9,Clear,pleasant
istanbul,2023-06-23,24.4,0,unkwn,0,239.5,Clear,pleasant
istanbul,2023-06-24,24.6,0,unkwn,0,258.3,Clear,pleasant
istanbul,2023-06-25,23.5,0,unkwn,0,219.8,Clear,pleasant
istanbul,2023-06-26,23.4,0,unkwn,0,203.3,Partially cloudy,pleasant
istanbul,2023-06-27,25.1,0.302,rain,0,182.5,"Rain, Partially cloudy",hot
istanbul,2023-06-28,24.9,0,unkwn,0,247.9,Clear,pleasant
istanbul,2023-06-29,21.4,0.203,rain,0,58.3,"Rain, Partially cloudy",pleasant
istanbul,2023-06-30,22.2,0.103,rain,0,243.1,Rain,pleasant
istanbul,2023-07-01,24,0,unkwn,0,258.7,Clear,pleasant
istanbul,2023-07-02,25.3,0,rain,0,249.9,Clear,hot
istanbul,2023-07-03,26.2,0,unkwn,0,234.5,Partially cloudy,hot
istanbul,2023-07-04,26.3,0,unkwn,0,230.1,Partially cloudy,hot
istanbul,2023-07-05,25.7,0,unkwn,0,92.7,Partially cloudy,hot
istanbul,2023-07-06,27.5,0.008,rain,0,173.2,"Rain, Partially cloudy",hot
istanbul,2023-07-07,27.7,0,unkwn,0,316.3,Partially cloudy,hot
istanbul,2023-07-08,24,16.152,rain,0,86.3,"Rain, Partially cloudy",pleasant
istanbul,2023-07-09,22.4,5.338,rain,0,36.8,"Rain, Partially cloudy",pleasant
istanbul,2023-07-10,24.1,0,unkwn,0,247.6,Clear,pleasant
istanbul,2023-07-11,25.9,0,unkwn,0,241.5,Partially cloudy,hot
istanbul,2023-07-12,27.8,0,unkwn,0,338,Clear,hot
istanbul,2023-07-13,29.3,0,unkwn,0,331.6,Clear,hot
istanbul,2023-07-14,30.7,0,unkwn,0,333.3,Clear,hot
istanbul,2023-07-15,28,0,unkwn,0,333.6,Clear,hot
istanbul,2023-07-16,25.7,0,unkwn,0,340,Clear,hot
istanbul,2023-07-17,25.8,0,unkwn,0,337.1,Clear,hot
istanbul,2023-07-18,25.7,0,unkwn,0,199.2,Clear,hot
istanbul,2023-07-19,26.1,0,unkwn,0,232.1,Clear,hot
istanbul,2023-07-20,28.3,0,unkwn,0,230.3,Clear,hot
istanbul,2023-07-21,29.5,0,unkwn,0,241.6,Partially cloudy,hot
istanbul,2023-07-22,29.4,0,unkwn,0,342.8,Clear,hot
istanbul,2023-07-23,31.3,0,unkwn,0,321.7,Clear,hot
istanbul,2023-07-24,27.5,0,unkwn,0,185,Partially cloudy,hot
istanbul,2023-07-25,27.3,0,unkwn,0,236.7,Clear,hot
istanbul,2023-07-26,31.2,0,unkwn,0,328.9,Clear,hot
istanbul,2023-07-27,26.2,0.896,rain,0,188.1,"Rain, Partially cloudy",hot
istanbul,2023-07-28,23.1,0.667,rain,0,323.4,"Rain, Partially cloudy",pleasant
istanbul,2023-07-29,23.8,0,unkwn,0,324.3,Clear,pleasant
istanbul,2023-07-30,24.2,0,unkwn,0,321.9,Clear,pleasant
istanbul,2023-07-31,24.7,0,unkwn,0,319.6,Partially cloudy,pleasant
istanbul,2023-08-01,25.3,0,rain,0,277.1,Partially cloudy,hot
istanbul,2023-08-02,26.5,0,unkwn,0,316.5,Clear,hot
istanbul,2023-08-03,29.4,0,unkwn,0,311.9,Clear,hot
istanbul,2023-08-04,30.6,0,unkwn,0,313.3,Clear,hot
istanbul,2023-08-05,28.9,0,unkwn,0,314.1,Partially cloudy,hot
istanbul,2023-08-06,30,0,unkwn,0,253.9,Clear,hot
istanbul,2023-08-07,27.8,0,unkwn,0,239.5,Partially cloudy,hot
istanbul,2023-08-08,25.3,0,unkwn,0,112,Partially cloudy,hot
istanbul,2023-08-09,23.5,0.015,rain,0,61.3,"Rain, Partially cloudy",pleasant
istanbul,2023-08-10,24,0.031,rain,0,82.5,"Rain, Partially cloudy",pleasant
istanbul,2023-08-11,23.9,15.619,rain,0,82.5,"Rain, Partially cloudy",pleasant
istanbul,2023-08-12,24.7,0,unkwn,0,209,Partially cloudy,pleasant
istanbul,2023-08-13,25.2,0,unkwn,0,130.2,Partially cloudy,hot
istanbul,2023-08-14,25.8,0.073,rain,0,215,"Rain, Partially cloudy",hot
istanbul,2023-08-15,25.7,0.004,rain,0,114.5,"Rain, Partially cloudy",hot
istanbul,2023-08-16,26.4,0.013,rain,0,125.4,"Rain, Partially cloudy",hot
istanbul,2023-08-17,27.9,0,unkwn,0,122.8,Partially cloudy,hot
istanbul,2023-08-18,27.6,0,unkwn,0,140.3,Partially cloudy,hot
istanbul,2023-08-19,27.6,0,unkwn,0,196.3,Partially cloudy,hot
istanbul,2023-08-20,28,0,unkwn,0,203.5,Partially cloudy,hot
istanbul,2023-08-21,28.2,0,unkwn,0,196.7,Partially cloudy,hot
istanbul,2023-08-22,28.6,0,unkwn,0,197.4,Clear,hot
istanbul,2023-08-23,28.9,0,unkwn,0,183.4,Partially cloudy,hot
istanbul,2023-08-24,27.9,0,unkwn,0,282.7,Partially cloudy,hot
istanbul,2023-08-25,27.6,0,unkwn,0,278.7,Clear,hot
istanbul,2023-08-26,27.5,0,unkwn,0,281.4,Clear,hot
istanbul,2023-08-27,26.2,0,unkwn,0,273.4,Partially cloudy,hot
istanbul,2023-08-28,26.2,0,unkwn,0,162.3,Partially cloudy,hot
istanbul,2023-08-29,27.3,0,unkwn,0,197.4,Partially cloudy,hot
istanbul,2023-08-30,28.1,0,unkwn,0,198.4,Clear,hot
istanbul,2023-08-31,28.3,0,unkwn,0,217,Partially cloudy,hot
istanbul,2023-09-01,26.8,0,unkwn,0,173.8,Partially cloudy,hot
istanbul,2023-09-02,26.9,0,rain,0,103.7,Partially cloudy,hot
istanbul,2023-09-03,26,0.329,rain,0,180.6,"Rain, Partially cloudy",hot
istanbul,2023-09-04,24.6,0,unkwn,0,208.8,Partially cloudy,pleasant
istanbul,2023-09-05,24.7,0.996,rain,0,107.6,"Rain, Partially cloudy",pleasant
istanbul,2023-09-06,25.4,0.16,rain,0,181.7,"Rain, Partially cloudy",hot
istanbul,2023-09-07,25.4,0,unkwn,0,246.8,Partially cloudy,hot
istanbul,2023-09-08,24.9,0,unkwn,0,97.7,Partially cloudy,pleasant
istanbul,2023-09-09,23.4,0,unkwn,0,166.2,Partially cloudy,pleasant
istanbul,2023-09-10,23,1.477,rain,0,216.9,"Rain, Partially cloudy",pleasant
istanbul,2023-09-11,22,0,unkwn,0,212,Partially cloudy,pleasant
istanbul,2023-09-12,22,0,unkwn,0,190.1,Partially cloudy,pleasant
istanbul,2023-09-13,22,0,unkwn,0,210.5,Clear,pleasant
istanbul,2023-09-14,22.2,0,unkwn,0,206.1,Clear,pleasant
istanbul,2023-09-15,21.9,0,unkwn,0,239.4,Clear,pleasant
istanbul,2023-09-16,22.8,0,unkwn,0,237.3,Partially cloudy,pleasant
istanbul,2023-09-17,23.1,0,unkwn,0,173,Partially cloudy,pleasant
istanbul,2023-09-18,21.9,0,unkwn,0,221,Partially cloudy,pleasant
istanbul,2023-09-19,22.3,0,unkwn,0,173.1,Partially cloudy,pleasant
istanbul,2023-09-20,21.1,0,unkwn,0,225.1,Partially cloudy,pleasant
istanbul,2023-09-21,21.1,0,unkwn,0,189.7,Partially cloudy,pleasant
istanbul,2023-09-22,21.7,0,unkwn,0,222.6,Clear,pleasant
istanbul,2023-09-23,24.4,0,unkwn,0,220.6,Clear,pleasant
istanbul,2023-09-24,23.8,0,unkwn,0,167.1,Clear,pleasant
istanbul,2023-09-25,23.3,0,unkwn,0,121.8,Partially cloudy,pleasant
istanbul,2023-09-26,23.4,0,rain,0,161.3,Partially cloudy,pleasant
istanbul,2023-09-27,22.8,0.002,rain,0,154.9,"Rain, Partially cloudy",pleasant
istanbul,2023-09-28,22.2,0.199,rain,0,83.3,"Rain, Partially cloudy",pleasant
istanbul,2023-09-29,21.2,9.036,rain,0,79.8,"Rain, Partially cloudy",pleasant
istanbul,2023-09-30,21,1.339,rain,0,104.7,"Rain, Partially cloudy",pleasant
istanbul,2023-10-01,19.3,19.122,rain,0,44.8,"Rain, Partially cloudy",pleasant
istanbul,2023-10-02,19.8,21.976,rain,0,187.3,"Rain, Partially cloudy",pleasant
istanbul,2023-10-03,19.3,0.043,rain,0,133.6,"Rain, Partially cloudy",pleasant
istanbul,2023-10-04,19.1,0.233,rain,0,203.8,Rain,pleasant
istanbul,2023-10-05,18.8,0,unkwn,0,180.4,Partially cloudy,pleasant
istanbul,2023-10-06,19.3,0,unkwn,0,193.4,Partially cloudy,pleasant
istanbul,2023-10-07,20.3,0,unkwn,0,146,Partially cloudy,pleasant
istanbul,2023-10-08,19.6,0,unkwn,0,177.5,Clear,pleasant
istanbul,2023-10-09,17.7,0.005,rain,0,37.5,"Rain, Partially cloudy",pleasant
istanbul,2023-10-10,16.5,0,unkwn,0,142,Partially cloudy,pleasant
istanbul,2023-10-11,16.4,0.245,rain,0,124.6,"Rain, Partially cloudy",pleasant
istanbul,2023-10-12,17.8,0,unkwn,0,154.4,Partially cloudy,pleasant
istanbul,2023-10-13,17.3,0,unkwn,0,168.4,Partially cloudy,pleasant
istanbul,2023-10-14,18.6,0,unkwn,0,173.8,Clear,pleasant
istanbul,2023-10-15,18.2,0,unkwn,0,153.5,Clear,pleasant
istanbul,2023-10-16,16.4,0.828,rain,0,23.5,"Rain, Partially cloudy",pleasant
istanbul,2023-10-17,16.1,2.102,rain,0,104.6,"Rain, Partially cloudy",pleasant
istanbul,2023-10-18,15.6,8.344,rain,0,21.5,"Rain, Partially cloudy",pleasant
istanbul,2023-10-19,16,0.102,rain,0,154.3,"Rain, Partially cloudy",pleasant
istanbul,2023-10-20,19.1,0,unkwn,0,163.2,Clear,pleasant
istanbul,2023-10-21,21.3,0,unkwn,0,163,Clear,pleasant
istanbul,2023-10-22,20.4,0.058,rain,0,141.4,"Rain, Partially cloudy",pleasant
istanbul,2023-10-23,20.5,0,unkwn,0,136.8,Partially cloudy,pleasant
istanbul,2023-10-24,18.8,0,unkwn,0,135,Clear,pleasant
istanbul,2023-10-25,19.6,0,unkwn,0,123.5,Partially cloudy,pleasant
istanbul,2023-10-26,22.4,0,unkwn,0,98,Partially cloudy,pleasant
istanbul,2023-10-27,21.9,0.048,rain,0,133.4,"Rain, Partially cloudy",pleasant
istanbul,2023-10-28,22.8,0,unkwn,0,141.8,Partially cloudy,pleasant
istanbul,2023-10-29,20.8,0,rain,0,67.9,Partially cloudy,pleasant
istanbul,2023-10-30,20,0,unkwn,0,62,Partially cloudy,pleasant
istanbul,2023-10-31,19.4,0,unkwn,0,97,Partially cloudy,pleasant
istanbul,2023-11-01,20.2,0.058,rain,0,87.3,"Rain, Partially cloudy",pleasant
istanbul,2023-11-02,17.9,5.742,rain,0,30.8,"Rain, Partially cloudy",pleasant
istanbul,2023-11-03,19.2,10.127,rain,0,126.9,"Rain, Partially cloudy",pleasant
istanbul,2023-11-04,23.9,0,rain,0,106.5,Partially cloudy,pleasant
istanbul,2023-11-05,19.5,8.751,rain,0,114,"Rain, Partially cloudy",pleasant
istanbul,2023-11-06,21.2,0,unkwn,0,104.5,Partially cloudy,pleasant
istanbul,2023-11-07,19.3,0.007,rain,0,97.9,"Rain, Partially cloudy",pleasant
istanbul,2023-11-08,18.8,0,unkwn,0,114,Partially cloudy,pleasant
istanbul,2023-11-09,14.9,7.457,rain,0,76.3,"Rain, Partially cloudy",moderate
istanbul,2023-11-10,14.6,0.342,rain,0,121.3,"Rain, Partially cloudy",moderate
istanbul,2023-11-11,18.6,3.854,rain,0,90.5,"Rain, Partially cloudy",pleasant
istanbul,2023-11-12,17.2,25.114,rain,0,99.1,"Rain, Partially cloudy",pleasant
istanbul,2023-11-13,15.1,14.769,rain,0,8.6,"Rain, Partially cloudy",pleasant
istanbul,2023-11-14,13,7.648,rain,0,108,"Rain, Partially cloudy",moderate
istanbul,2023-11-15,17.2,0,rain,0,117.1,Partially cloudy,pleasant
istanbul,2023-11-16,13.8,10.356,rain,0,28.5,"Rain, Partially cloudy",moderate
istanbul,2023-11-17,14,0.043,rain,0,47.2,"Rain, Partially cloudy",moderate
istanbul,2023-11-18,10.5,32.242,rain,0,6.1,"Rain, Partially cloudy",moderate
istanbul,2023-11-19,2,36.948,rain,0.1,5.8,"Rain, Partially cloudy",cold
istanbul,2023-11-20,10.2,0.121,rain,0,43.8,"Rain, Partially cloudy",moderate
istanbul,2023-11-21,14.2,0.231,rain,0,101.3,"Rain, Partially cloudy",moderate
istanbul,2023-11-22,16.9,2.537,rain,0,82,"Rain, Partially cloudy",pleasant
istanbul,2023-11-23,13.4,15.759,rain,0,13.3,"Rain, Partially cloudy",moderate
istanbul,2023-11-24,15.4,0.205,rain,0,45.5,"Rain, Partially cloudy",pleasant
istanbul,2023-11-25,17.1,0.164,rain,0,34.4,"Rain, Partially cloudy",pleasant
istanbul,2023-11-26,6.8,2.988,rain,0,40,"Rain, Partially cloudy",moderate
istanbul,2023-11-27,2.2,0.01,rain,0,65,"Rain, Partially cloudy",cold
istanbul,2023-11-28,9.5,0.349,rain,0,61,"Rain, Partially cloudy",moderate
istanbul,2023-11-29,14.5,41.889,rain,0,5.8,"Rain, Partially cloudy",moderate
istanbul,2023-11-30,10.5,68.193,rain,0,63.3,"Rain, Partially cloudy",moderate
istanbul,2023-12-01,15.4,0,unkwn,0,90.5,Partially cloudy,pleasant
istanbul,2023-12-02,18,0,unkwn,0,76.4,Partially cloudy,pleasant
istanbul,2023-12-03,18.5,0.058,rain,0,36.5,"Rain, Partially cloudy",pleasant
istanbul,2023-12-04,8.4,9.175,rain,0,9.3,"Rain, Partially cloudy",moderate
istanbul,2023-12-05,8.9,1.615,rain,0,14,"Rain, Partially cloudy",moderate
istanbul,2023-12-06,10.2,0.605,rain,0,16.3,"Rain, Partially cloudy",moderate
istanbul,2023-12-07,10.6,6.645,rain,0,20.8,"Rain, Overcast",moderate
istanbul,2023-12-08,4.4,12.562,rain,0,8.3,"Rain, Overcast",cold
istanbul,2023-12-09,2.5,13.745,rain,0,6.8,"Rain, Overcast",cold
istanbul,2023-12-10,5.6,3.372,rain,0,43.5,"Rain, Partially cloudy",moderate
istanbul,2023-12-11,8.6,0.063,rain,0,55,"Rain, Partially cloudy",moderate
istanbul,2023-12-12,10.1,0,rain,0,58.1,Partially cloudy,moderate
istanbul,2023-12-13,10.9,0,rain,0,88.9,Partially cloudy,moderate
istanbul,2023-12-14,15,0,unkwn,0,69.3,Partially cloudy,pleasant
istanbul,2023-12-15,12.3,0.063,rain,0,54.4,"Rain, Partially cloudy",moderate
istanbul,2023-12-16,5,8.471,rain,0,5.6,"Rain, Partially cloudy",moderate
istanbul,2023-12-17,3.5,10.401,rain,0,44.4,"Rain, Partially cloudy",cold
istanbul,2023-12-18,5.3,0,unkwn,0,79.3,Clear,moderate
istanbul,2023-12-19,7.7,0,unkwn,0,80.4,Clear,moderate
istanbul,2023-12-20,8.9,0,unkwn,0,94,Clear,moderate
istanbul,2023-12-21,11.2,0.486,rain,0,65.3,"Rain, Partially cloudy",moderate
istanbul,2023-12-22,9.9,8.183,rain,0,37.2,"Rain, Partially cloudy",moderate
istanbul,2023-12-23,10.6,6.122,rain,0,38.8,"Rain, Partially cloudy",moderate
istanbul,2023-12-24,12.3,0.248,rain,0,55.2,"Rain, Partially cloudy",moderate
istanbul,2023-12-25,14.4,0,unkwn,0,76.3,Partially cloudy,moderate
istanbul,2023-12-26,14.5,0,unkwn,0,77.9,Clear,moderate
istanbul,2023-12-27,14.3,0,unkwn,0,62.9,Partially cloudy,moderate
istanbul,2023-12-28,9.9,0,unkwn,0,72.8,Clear,moderate
istanbul,2023-12-29,9.9,0,unkwn,0,82.8,Clear,moderate
istanbul,2023-12-30,11.5,0,unkwn,0,68.8,Partially cloudy,moderate
istanbul,2023-12-31,12.5,0,unkwn,0,42.4,Partially cloudy,moderate
